2025-10-16 00:16:12,513 [INFO] core.views: Feedback received: Testing visible logs now
2025-10-16 00:16:45,894 [INFO] core.views: Feedback received: This app is amazing! 😺
2025-10-16 00:17:20,006 [INFO] core.views: Feedback received: This app is amazing! 😺
2025-10-16 00:18:28,698 [INFO] core.views: Feedback received: This app is amazing! 😺
2025-10-16 00:19:16,811 [ERROR] django.security.DisallowedHost: Invalid HTTP_HOST header: 'ec2-3-144-176-29.us-east-2.compute.amazonaws.com'. You may need to add 'ec2-3-144-176-29.us-east-2.compute.amazonaws.com' to ALLOWED_HOSTS.
Traceback (most recent call last):
  File "/home/ubuntu/.cache/pypoetry/virtualenvs/rewardshub-tAgjmBIm-py3.12/lib/python3.12/site-packages/django/core/handlers/exception.py", line 55, in inner
    response = get_response(request)
               ^^^^^^^^^^^^^^^^^^^^^
  File "/home/ubuntu/.cache/pypoetry/virtualenvs/rewardshub-tAgjmBIm-py3.12/lib/python3.12/site-packages/django/utils/deprecation.py", line 119, in __call__
    response = self.process_request(request)
               ^^^^^^^^^^^^^^^^^^^^^^^^^^^^^
  File "/home/ubuntu/.cache/pypoetry/virtualenvs/rewardshub-tAgjmBIm-py3.12/lib/python3.12/site-packages/django/middleware/common.py", line 48, in process_request
    host = request.get_host()
           ^^^^^^^^^^^^^^^^^^
  File "/home/ubuntu/.cache/pypoetry/virtualenvs/rewardshub-tAgjmBIm-py3.12/lib/python3.12/site-packages/django/http/request.py", line 202, in get_host
    raise DisallowedHost(msg)
django.core.exceptions.DisallowedHost: Invalid HTTP_HOST header: 'ec2-3-144-176-29.us-east-2.compute.amazonaws.com'. You may need to add 'ec2-3-144-176-29.us-east-2.compute.amazonaws.com' to ALLOWED_HOSTS.
2025-10-16 00:19:16,811 [ERROR] django.security.DisallowedHost: Invalid HTTP_HOST header: 'ec2-3-144-176-29.us-east-2.compute.amazonaws.com'. You may need to add 'ec2-3-144-176-29.us-east-2.compute.amazonaws.com' to ALLOWED_HOSTS.
Traceback (most recent call last):
  File "/home/ubuntu/.cache/pypoetry/virtualenvs/rewardshub-tAgjmBIm-py3.12/lib/python3.12/site-packages/django/core/handlers/exception.py", line 55, in inner
    response = get_response(request)
               ^^^^^^^^^^^^^^^^^^^^^
  File "/home/ubuntu/.cache/pypoetry/virtualenvs/rewardshub-tAgjmBIm-py3.12/lib/python3.12/site-packages/django/utils/deprecation.py", line 119, in __call__
    response = self.process_request(request)
               ^^^^^^^^^^^^^^^^^^^^^^^^^^^^^
  File "/home/ubuntu/.cache/pypoetry/virtualenvs/rewardshub-tAgjmBIm-py3.12/lib/python3.12/site-packages/django/middleware/common.py", line 48, in process_request
    host = request.get_host()
           ^^^^^^^^^^^^^^^^^^
  File "/home/ubuntu/.cache/pypoetry/virtualenvs/rewardshub-tAgjmBIm-py3.12/lib/python3.12/site-packages/django/http/request.py", line 202, in get_host
    raise DisallowedHost(msg)
django.core.exceptions.DisallowedHost: Invalid HTTP_HOST header: 'ec2-3-144-176-29.us-east-2.compute.amazonaws.com'. You may need to add 'ec2-3-144-176-29.us-east-2.compute.amazonaws.com' to ALLOWED_HOSTS.
2025-10-16 00:19:17,091 [ERROR] django.security.DisallowedHost: Invalid HTTP_HOST header: 'ec2-3-144-176-29.us-east-2.compute.amazonaws.com'. You may need to add 'ec2-3-144-176-29.us-east-2.compute.amazonaws.com' to ALLOWED_HOSTS.
Traceback (most recent call last):
  File "/home/ubuntu/.cache/pypoetry/virtualenvs/rewardshub-tAgjmBIm-py3.12/lib/python3.12/site-packages/django/core/handlers/exception.py", line 55, in inner
    response = get_response(request)
               ^^^^^^^^^^^^^^^^^^^^^
  File "/home/ubuntu/.cache/pypoetry/virtualenvs/rewardshub-tAgjmBIm-py3.12/lib/python3.12/site-packages/django/utils/deprecation.py", line 119, in __call__
    response = self.process_request(request)
               ^^^^^^^^^^^^^^^^^^^^^^^^^^^^^
  File "/home/ubuntu/.cache/pypoetry/virtualenvs/rewardshub-tAgjmBIm-py3.12/lib/python3.12/site-packages/django/middleware/common.py", line 48, in process_request
    host = request.get_host()
           ^^^^^^^^^^^^^^^^^^
  File "/home/ubuntu/.cache/pypoetry/virtualenvs/rewardshub-tAgjmBIm-py3.12/lib/python3.12/site-packages/django/http/request.py", line 202, in get_host
    raise DisallowedHost(msg)
django.core.exceptions.DisallowedHost: Invalid HTTP_HOST header: 'ec2-3-144-176-29.us-east-2.compute.amazonaws.com'. You may need to add 'ec2-3-144-176-29.us-east-2.compute.amazonaws.com' to ALLOWED_HOSTS.
2025-10-16 00:19:17,091 [ERROR] django.security.DisallowedHost: Invalid HTTP_HOST header: 'ec2-3-144-176-29.us-east-2.compute.amazonaws.com'. You may need to add 'ec2-3-144-176-29.us-east-2.compute.amazonaws.com' to ALLOWED_HOSTS.
Traceback (most recent call last):
  File "/home/ubuntu/.cache/pypoetry/virtualenvs/rewardshub-tAgjmBIm-py3.12/lib/python3.12/site-packages/django/core/handlers/exception.py", line 55, in inner
    response = get_response(request)
               ^^^^^^^^^^^^^^^^^^^^^
  File "/home/ubuntu/.cache/pypoetry/virtualenvs/rewardshub-tAgjmBIm-py3.12/lib/python3.12/site-packages/django/utils/deprecation.py", line 119, in __call__
    response = self.process_request(request)
               ^^^^^^^^^^^^^^^^^^^^^^^^^^^^^
  File "/home/ubuntu/.cache/pypoetry/virtualenvs/rewardshub-tAgjmBIm-py3.12/lib/python3.12/site-packages/django/middleware/common.py", line 48, in process_request
    host = request.get_host()
           ^^^^^^^^^^^^^^^^^^
  File "/home/ubuntu/.cache/pypoetry/virtualenvs/rewardshub-tAgjmBIm-py3.12/lib/python3.12/site-packages/django/http/request.py", line 202, in get_host
    raise DisallowedHost(msg)
django.core.exceptions.DisallowedHost: Invalid HTTP_HOST header: 'ec2-3-144-176-29.us-east-2.compute.amazonaws.com'. You may need to add 'ec2-3-144-176-29.us-east-2.compute.amazonaws.com' to ALLOWED_HOSTS.
2025-10-16 00:25:15,068 [INFO] core.views: Feedback received: This app is amazing! 😺
2025-10-16 00:26:14,344 [INFO] core.views: Feedback received: This app is amazing! 😺
2025-10-16 00:26:18,409 [INFO] core.views: Feedback received: This app is amazing! 😺
2025-10-16 00:26:22,106 [INFO] core.views: Feedback received: This app is amazing! 😺
2025-10-16 00:28:32,897 [INFO] core.views: Feedback received: This app is kachow! 😺
2025-10-16 00:28:36,618 [INFO] core.views: Feedback received: This app is kachow! 😺
2025-10-16 00:29:28,619 [INFO] core.views: Feedback received: I really like cheeb.
2025-10-16 00:34:32,015 [INFO] core.views: Feedback received: Kerchoo
2025-10-16 00:50:19,252 [INFO] core.views: Feedback received: Cheeb is good.
2025-10-16 00:50:39,280 [INFO] core.views: Feedback received: Cheeb
2025-10-16 00:50:56,479 [INFO] core.views: Feedback received: Cheeb
2025-10-16 00:50:56,619 [INFO] core.views: Feedback received: Cheeb
2025-10-16 00:50:56,764 [INFO] core.views: Feedback received: Cheeb
2025-10-16 00:50:57,674 [INFO] core.views: Feedback received: Cheeb
2025-10-16 00:50:58,289 [INFO] core.views: Feedback received: Cheeb
2025-10-16 00:50:58,439 [INFO] core.views: Feedback received: Cheeb
2025-10-16 00:51:01,870 [INFO] core.views: Feedback received: Cheeb
2025-10-16 00:51:06,248 [INFO] core.views: Feedback received: Hi
2025-10-16 01:03:07,735 [WARNING] django.request: Not Found: /robots.txt
2025-10-16 01:03:07,735 [WARNING] django.request: Not Found: /robots.txt
2025-10-16 01:03:09,039 [WARNING] django.request: Not Found: /robots.txt
2025-10-16 01:03:09,039 [WARNING] django.request: Not Found: /robots.txt
2025-10-16 01:13:39,057 [WARNING] django.request: Not Found: /developmentserver/metadatauploader
2025-10-16 01:13:39,057 [WARNING] django.request: Not Found: /developmentserver/metadatauploader
2025-10-16 01:54:55,982 [WARNING] django.request: Not Found: /.env
2025-10-16 01:54:55,982 [WARNING] django.request: Not Found: /.env
2025-10-16 02:08:11,028 [ERROR] django.security.DisallowedHost: Invalid HTTP_HOST header: '0.0.0.0'. You may need to add '0.0.0.0' to ALLOWED_HOSTS.
Traceback (most recent call last):
  File "/home/ubuntu/.cache/pypoetry/virtualenvs/rewardshub-tAgjmBIm-py3.12/lib/python3.12/site-packages/django/core/handlers/exception.py", line 55, in inner
    response = get_response(request)
               ^^^^^^^^^^^^^^^^^^^^^
  File "/home/ubuntu/.cache/pypoetry/virtualenvs/rewardshub-tAgjmBIm-py3.12/lib/python3.12/site-packages/django/utils/deprecation.py", line 119, in __call__
    response = self.process_request(request)
               ^^^^^^^^^^^^^^^^^^^^^^^^^^^^^
  File "/home/ubuntu/.cache/pypoetry/virtualenvs/rewardshub-tAgjmBIm-py3.12/lib/python3.12/site-packages/django/middleware/common.py", line 48, in process_request
    host = request.get_host()
           ^^^^^^^^^^^^^^^^^^
  File "/home/ubuntu/.cache/pypoetry/virtualenvs/rewardshub-tAgjmBIm-py3.12/lib/python3.12/site-packages/django/http/request.py", line 202, in get_host
    raise DisallowedHost(msg)
django.core.exceptions.DisallowedHost: Invalid HTTP_HOST header: '0.0.0.0'. You may need to add '0.0.0.0' to ALLOWED_HOSTS.
2025-10-16 02:08:11,028 [ERROR] django.security.DisallowedHost: Invalid HTTP_HOST header: '0.0.0.0'. You may need to add '0.0.0.0' to ALLOWED_HOSTS.
Traceback (most recent call last):
  File "/home/ubuntu/.cache/pypoetry/virtualenvs/rewardshub-tAgjmBIm-py3.12/lib/python3.12/site-packages/django/core/handlers/exception.py", line 55, in inner
    response = get_response(request)
               ^^^^^^^^^^^^^^^^^^^^^
  File "/home/ubuntu/.cache/pypoetry/virtualenvs/rewardshub-tAgjmBIm-py3.12/lib/python3.12/site-packages/django/utils/deprecation.py", line 119, in __call__
    response = self.process_request(request)
               ^^^^^^^^^^^^^^^^^^^^^^^^^^^^^
  File "/home/ubuntu/.cache/pypoetry/virtualenvs/rewardshub-tAgjmBIm-py3.12/lib/python3.12/site-packages/django/middleware/common.py", line 48, in process_request
    host = request.get_host()
           ^^^^^^^^^^^^^^^^^^
  File "/home/ubuntu/.cache/pypoetry/virtualenvs/rewardshub-tAgjmBIm-py3.12/lib/python3.12/site-packages/django/http/request.py", line 202, in get_host
    raise DisallowedHost(msg)
django.core.exceptions.DisallowedHost: Invalid HTTP_HOST header: '0.0.0.0'. You may need to add '0.0.0.0' to ALLOWED_HOSTS.
2025-10-16 02:11:28,404 [ERROR] django.security.DisallowedHost: Invalid HTTP_HOST header: 'ec2-3-144-176-29.us-east-2.compute.amazonaws.com'. You may need to add 'ec2-3-144-176-29.us-east-2.compute.amazonaws.com' to ALLOWED_HOSTS.
Traceback (most recent call last):
  File "/home/ubuntu/.cache/pypoetry/virtualenvs/rewardshub-tAgjmBIm-py3.12/lib/python3.12/site-packages/django/core/handlers/exception.py", line 55, in inner
    response = get_response(request)
               ^^^^^^^^^^^^^^^^^^^^^
  File "/home/ubuntu/.cache/pypoetry/virtualenvs/rewardshub-tAgjmBIm-py3.12/lib/python3.12/site-packages/django/utils/deprecation.py", line 119, in __call__
    response = self.process_request(request)
               ^^^^^^^^^^^^^^^^^^^^^^^^^^^^^
  File "/home/ubuntu/.cache/pypoetry/virtualenvs/rewardshub-tAgjmBIm-py3.12/lib/python3.12/site-packages/django/middleware/common.py", line 48, in process_request
    host = request.get_host()
           ^^^^^^^^^^^^^^^^^^
  File "/home/ubuntu/.cache/pypoetry/virtualenvs/rewardshub-tAgjmBIm-py3.12/lib/python3.12/site-packages/django/http/request.py", line 202, in get_host
    raise DisallowedHost(msg)
django.core.exceptions.DisallowedHost: Invalid HTTP_HOST header: 'ec2-3-144-176-29.us-east-2.compute.amazonaws.com'. You may need to add 'ec2-3-144-176-29.us-east-2.compute.amazonaws.com' to ALLOWED_HOSTS.
2025-10-16 02:11:28,404 [ERROR] django.security.DisallowedHost: Invalid HTTP_HOST header: 'ec2-3-144-176-29.us-east-2.compute.amazonaws.com'. You may need to add 'ec2-3-144-176-29.us-east-2.compute.amazonaws.com' to ALLOWED_HOSTS.
Traceback (most recent call last):
  File "/home/ubuntu/.cache/pypoetry/virtualenvs/rewardshub-tAgjmBIm-py3.12/lib/python3.12/site-packages/django/core/handlers/exception.py", line 55, in inner
    response = get_response(request)
               ^^^^^^^^^^^^^^^^^^^^^
  File "/home/ubuntu/.cache/pypoetry/virtualenvs/rewardshub-tAgjmBIm-py3.12/lib/python3.12/site-packages/django/utils/deprecation.py", line 119, in __call__
    response = self.process_request(request)
               ^^^^^^^^^^^^^^^^^^^^^^^^^^^^^
  File "/home/ubuntu/.cache/pypoetry/virtualenvs/rewardshub-tAgjmBIm-py3.12/lib/python3.12/site-packages/django/middleware/common.py", line 48, in process_request
    host = request.get_host()
           ^^^^^^^^^^^^^^^^^^
  File "/home/ubuntu/.cache/pypoetry/virtualenvs/rewardshub-tAgjmBIm-py3.12/lib/python3.12/site-packages/django/http/request.py", line 202, in get_host
    raise DisallowedHost(msg)
django.core.exceptions.DisallowedHost: Invalid HTTP_HOST header: 'ec2-3-144-176-29.us-east-2.compute.amazonaws.com'. You may need to add 'ec2-3-144-176-29.us-east-2.compute.amazonaws.com' to ALLOWED_HOSTS.
2025-10-16 03:12:04,430 [WARNING] django.request: Not Found: /dns-query
2025-10-16 03:12:04,430 [WARNING] django.request: Not Found: /dns-query
2025-10-16 03:12:04,630 [WARNING] django.request: Not Found: /dns-query
2025-10-16 03:12:04,630 [WARNING] django.request: Not Found: /dns-query
2025-10-16 03:12:04,827 [WARNING] django.request: Not Found: /dns-query
2025-10-16 03:12:04,827 [WARNING] django.request: Not Found: /dns-query
2025-10-16 03:12:05,024 [WARNING] django.request: Not Found: /dns-query
2025-10-16 03:12:05,024 [WARNING] django.request: Not Found: /dns-query
2025-10-16 03:12:05,222 [WARNING] django.request: Not Found: /dns-query
2025-10-16 03:12:05,222 [WARNING] django.request: Not Found: /dns-query
2025-10-16 03:12:05,419 [WARNING] django.request: Not Found: /dns-query
2025-10-16 03:12:05,419 [WARNING] django.request: Not Found: /dns-query
2025-10-16 03:12:05,615 [WARNING] django.request: Not Found: /query
2025-10-16 03:12:05,615 [WARNING] django.request: Not Found: /query
2025-10-16 03:12:05,812 [WARNING] django.request: Not Found: /query
2025-10-16 03:12:05,812 [WARNING] django.request: Not Found: /query
2025-10-16 03:12:06,009 [WARNING] django.request: Not Found: /query
2025-10-16 03:12:06,009 [WARNING] django.request: Not Found: /query
2025-10-16 03:12:06,206 [WARNING] django.request: Not Found: /query
2025-10-16 03:12:06,206 [WARNING] django.request: Not Found: /query
2025-10-16 03:12:06,402 [WARNING] django.request: Not Found: /query
2025-10-16 03:12:06,402 [WARNING] django.request: Not Found: /query
2025-10-16 03:12:07,368 [WARNING] django.request: Not Found: /query
2025-10-16 03:12:07,368 [WARNING] django.request: Not Found: /query
2025-10-16 03:12:07,564 [WARNING] django.request: Not Found: /resolve
2025-10-16 03:12:07,564 [WARNING] django.request: Not Found: /resolve
2025-10-16 03:12:07,761 [WARNING] django.request: Not Found: /resolve
2025-10-16 03:12:07,761 [WARNING] django.request: Not Found: /resolve
2025-10-16 03:12:07,957 [WARNING] django.request: Not Found: /resolve
2025-10-16 03:12:07,957 [WARNING] django.request: Not Found: /resolve
2025-10-16 03:12:08,154 [WARNING] django.request: Not Found: /resolve
2025-10-16 03:12:08,154 [WARNING] django.request: Not Found: /resolve
2025-10-16 03:12:08,351 [WARNING] django.request: Not Found: /resolve
2025-10-16 03:12:08,351 [WARNING] django.request: Not Found: /resolve
2025-10-16 03:12:08,547 [WARNING] django.request: Not Found: /resolve
2025-10-16 03:12:08,547 [WARNING] django.request: Not Found: /resolve
2025-10-16 03:12:08,937 [WARNING] django.security.csrf: Forbidden (Referer checking failed - no Referer.): /
2025-10-16 03:12:08,937 [WARNING] django.security.csrf: Forbidden (Referer checking failed - no Referer.): /
2025-10-16 03:12:09,518 [WARNING] django.security.csrf: Forbidden (Referer checking failed - no Referer.): /
2025-10-16 03:12:09,518 [WARNING] django.security.csrf: Forbidden (Referer checking failed - no Referer.): /
2025-10-16 03:58:41,794 [WARNING] django.request: Not Found: /.env
2025-10-16 03:58:41,794 [WARNING] django.request: Not Found: /.env
2025-10-16 03:58:42,281 [WARNING] django.security.csrf: Forbidden (Referer checking failed - no Referer.): /
2025-10-16 03:58:42,281 [WARNING] django.security.csrf: Forbidden (Referer checking failed - no Referer.): /
2025-10-16 04:05:41,605 [WARNING] django.request: Not Found: //wp-includes/wlwmanifest.xml
2025-10-16 04:05:41,605 [WARNING] django.request: Not Found: //wp-includes/wlwmanifest.xml
2025-10-16 04:05:41,715 [WARNING] django.request: Not Found: //xmlrpc.php
2025-10-16 04:05:41,715 [WARNING] django.request: Not Found: //xmlrpc.php
2025-10-16 04:05:41,965 [WARNING] django.request: Not Found: //blog/wp-includes/wlwmanifest.xml
2025-10-16 04:05:41,965 [WARNING] django.request: Not Found: //blog/wp-includes/wlwmanifest.xml
2025-10-16 04:05:42,072 [WARNING] django.request: Not Found: //web/wp-includes/wlwmanifest.xml
2025-10-16 04:05:42,072 [WARNING] django.request: Not Found: //web/wp-includes/wlwmanifest.xml
2025-10-16 04:05:42,175 [WARNING] django.request: Not Found: //wordpress/wp-includes/wlwmanifest.xml
2025-10-16 04:05:42,175 [WARNING] django.request: Not Found: //wordpress/wp-includes/wlwmanifest.xml
2025-10-16 04:05:42,263 [WARNING] django.request: Not Found: //website/wp-includes/wlwmanifest.xml
2025-10-16 04:05:42,263 [WARNING] django.request: Not Found: //website/wp-includes/wlwmanifest.xml
2025-10-16 04:05:42,343 [WARNING] django.request: Not Found: //wp/wp-includes/wlwmanifest.xml
2025-10-16 04:05:42,343 [WARNING] django.request: Not Found: //wp/wp-includes/wlwmanifest.xml
2025-10-16 04:05:42,415 [WARNING] django.request: Not Found: //news/wp-includes/wlwmanifest.xml
2025-10-16 04:05:42,415 [WARNING] django.request: Not Found: //news/wp-includes/wlwmanifest.xml
2025-10-16 04:05:42,567 [WARNING] django.request: Not Found: //2018/wp-includes/wlwmanifest.xml
2025-10-16 04:05:42,567 [WARNING] django.request: Not Found: //2018/wp-includes/wlwmanifest.xml
2025-10-16 04:05:42,669 [WARNING] django.request: Not Found: //2019/wp-includes/wlwmanifest.xml
2025-10-16 04:05:42,669 [WARNING] django.request: Not Found: //2019/wp-includes/wlwmanifest.xml
2025-10-16 04:05:42,782 [WARNING] django.request: Not Found: //shop/wp-includes/wlwmanifest.xml
2025-10-16 04:05:42,782 [WARNING] django.request: Not Found: //shop/wp-includes/wlwmanifest.xml
2025-10-16 04:05:42,855 [WARNING] django.request: Not Found: //wp1/wp-includes/wlwmanifest.xml
2025-10-16 04:05:42,855 [WARNING] django.request: Not Found: //wp1/wp-includes/wlwmanifest.xml
2025-10-16 04:05:42,994 [WARNING] django.request: Not Found: //test/wp-includes/wlwmanifest.xml
2025-10-16 04:05:42,994 [WARNING] django.request: Not Found: //test/wp-includes/wlwmanifest.xml
2025-10-16 04:05:43,126 [WARNING] django.request: Not Found: //media/wp-includes/wlwmanifest.xml
2025-10-16 04:05:43,126 [WARNING] django.request: Not Found: //media/wp-includes/wlwmanifest.xml
2025-10-16 04:05:43,220 [WARNING] django.request: Not Found: //wp2/wp-includes/wlwmanifest.xml
2025-10-16 04:05:43,220 [WARNING] django.request: Not Found: //wp2/wp-includes/wlwmanifest.xml
2025-10-16 04:05:43,292 [WARNING] django.request: Not Found: //site/wp-includes/wlwmanifest.xml
2025-10-16 04:05:43,292 [WARNING] django.request: Not Found: //site/wp-includes/wlwmanifest.xml
2025-10-16 04:05:43,368 [WARNING] django.request: Not Found: //cms/wp-includes/wlwmanifest.xml
2025-10-16 04:05:43,368 [WARNING] django.request: Not Found: //cms/wp-includes/wlwmanifest.xml
2025-10-16 04:05:43,440 [WARNING] django.request: Not Found: //sito/wp-includes/wlwmanifest.xml
2025-10-16 04:05:43,440 [WARNING] django.request: Not Found: //sito/wp-includes/wlwmanifest.xml
2025-10-16 04:07:34,039 [WARNING] django.request: Not Found: /.git/config
2025-10-16 04:07:34,039 [WARNING] django.request: Not Found: /.git/config
2025-10-16 04:47:27,346 [WARNING] django.request: Not Found: /.git/config
2025-10-16 04:47:27,346 [WARNING] django.request: Not Found: /.git/config
2025-10-16 04:59:27,225 [WARNING] django.request: Not Found: /wp-login.php
2025-10-16 04:59:27,225 [WARNING] django.request: Not Found: /wp-login.php
2025-10-16 06:25:00,650 [WARNING] django.request: Not Found: /ab2g
2025-10-16 06:25:00,650 [WARNING] django.request: Not Found: /ab2g
2025-10-16 06:25:00,964 [WARNING] django.request: Not Found: /ab2h
2025-10-16 06:25:00,964 [WARNING] django.request: Not Found: /ab2h
2025-10-16 06:25:01,265 [WARNING] django.request: Not Found: /alive.php
2025-10-16 06:25:01,265 [WARNING] django.request: Not Found: /alive.php
2025-10-16 06:25:04,019 [WARNING] django.request: Not Found: /teorema505
2025-10-16 06:25:04,019 [WARNING] django.request: Not Found: /teorema505
2025-10-16 06:31:52,239 [WARNING] django.request: Not Found: /.well-known/
2025-10-16 06:31:52,239 [WARNING] django.request: Not Found: /.well-known/
2025-10-16 06:31:52,286 [WARNING] django.request: Not Found: /.well-known/gecko-litespeed.php
2025-10-16 06:31:52,286 [WARNING] django.request: Not Found: /.well-known/gecko-litespeed.php
2025-10-16 06:31:52,333 [WARNING] django.request: Not Found: /file.php
2025-10-16 06:31:52,333 [WARNING] django.request: Not Found: /file.php
2025-10-16 06:31:52,382 [WARNING] django.request: Not Found: /1.php
2025-10-16 06:31:52,382 [WARNING] django.request: Not Found: /1.php
2025-10-16 06:31:52,429 [WARNING] django.request: Not Found: /2.php
2025-10-16 06:31:52,429 [WARNING] django.request: Not Found: /2.php
2025-10-16 06:31:52,476 [WARNING] django.request: Not Found: /22.php
2025-10-16 06:31:52,476 [WARNING] django.request: Not Found: /22.php
2025-10-16 06:31:52,522 [WARNING] django.request: Not Found: /aa.php
2025-10-16 06:31:52,522 [WARNING] django.request: Not Found: /aa.php
2025-10-16 06:31:52,571 [WARNING] django.request: Not Found: /aaa.php
2025-10-16 06:31:52,571 [WARNING] django.request: Not Found: /aaa.php
2025-10-16 06:31:52,617 [WARNING] django.request: Not Found: /abcd.php
2025-10-16 06:31:52,617 [WARNING] django.request: Not Found: /abcd.php
2025-10-16 06:31:52,665 [WARNING] django.request: Not Found: /about.php
2025-10-16 06:31:52,665 [WARNING] django.request: Not Found: /about.php
2025-10-16 06:31:52,714 [WARNING] django.request: Not Found: /about/function.php/aa.php
2025-10-16 06:31:52,714 [WARNING] django.request: Not Found: /about/function.php/aa.php
2025-10-16 06:31:52,766 [WARNING] django.request: Not Found: /admin.php
2025-10-16 06:31:52,766 [WARNING] django.request: Not Found: /admin.php
2025-10-16 06:31:52,824 [WARNING] django.request: Not Found: /akc.php
2025-10-16 06:31:52,824 [WARNING] django.request: Not Found: /akc.php
2025-10-16 06:31:52,870 [WARNING] django.request: Not Found: /alfa-rex.php7
2025-10-16 06:31:52,870 [WARNING] django.request: Not Found: /alfa-rex.php7
2025-10-16 06:31:52,917 [WARNING] django.request: Not Found: /alfa.php
2025-10-16 06:31:52,917 [WARNING] django.request: Not Found: /alfa.php
2025-10-16 06:31:52,964 [WARNING] django.request: Not Found: /asasx.php
2025-10-16 06:31:52,964 [WARNING] django.request: Not Found: /asasx.php
2025-10-16 06:31:53,011 [WARNING] django.request: Not Found: /atomlib.php
2025-10-16 06:31:53,011 [WARNING] django.request: Not Found: /atomlib.php
2025-10-16 06:31:53,058 [WARNING] django.request: Not Found: /autoload_classmap.php
2025-10-16 06:31:53,058 [WARNING] django.request: Not Found: /autoload_classmap.php
2025-10-16 06:31:53,105 [WARNING] django.request: Not Found: /autoload_classmap/function.php
2025-10-16 06:31:53,105 [WARNING] django.request: Not Found: /autoload_classmap/function.php
2025-10-16 06:31:53,160 [WARNING] django.request: Not Found: /b.php
2025-10-16 06:31:53,160 [WARNING] django.request: Not Found: /b.php
2025-10-16 06:31:53,206 [WARNING] django.request: Not Found: /cgi-bin/
2025-10-16 06:31:53,206 [WARNING] django.request: Not Found: /cgi-bin/
2025-10-16 06:31:53,255 [WARNING] django.request: Not Found: /chosen.php
2025-10-16 06:31:53,255 [WARNING] django.request: Not Found: /chosen.php
2025-10-16 06:31:53,302 [WARNING] django.request: Not Found: /classwithtostring.php
2025-10-16 06:31:53,302 [WARNING] django.request: Not Found: /classwithtostring.php
2025-10-16 06:31:53,349 [WARNING] django.request: Not Found: /config.php
2025-10-16 06:31:53,349 [WARNING] django.request: Not Found: /config.php
2025-10-16 06:31:53,397 [WARNING] django.request: Not Found: /config.php7
2025-10-16 06:31:53,397 [WARNING] django.request: Not Found: /config.php7
2025-10-16 06:31:53,444 [WARNING] django.request: Not Found: /cron.php
2025-10-16 06:31:53,444 [WARNING] django.request: Not Found: /cron.php
2025-10-16 06:31:53,496 [WARNING] django.request: Not Found: /dropdown.php
2025-10-16 06:31:53,496 [WARNING] django.request: Not Found: /dropdown.php
2025-10-16 06:31:53,542 [WARNING] django.request: Not Found: /edit.php
2025-10-16 06:31:53,542 [WARNING] django.request: Not Found: /edit.php
2025-10-16 06:31:53,589 [WARNING] django.request: Not Found: /file.php
2025-10-16 06:31:53,589 [WARNING] django.request: Not Found: /file.php
2025-10-16 06:31:53,636 [WARNING] django.request: Not Found: /files.php
2025-10-16 06:31:53,636 [WARNING] django.request: Not Found: /files.php
2025-10-16 06:31:53,684 [WARNING] django.request: Not Found: /flower.php
2025-10-16 06:31:53,684 [WARNING] django.request: Not Found: /flower.php
2025-10-16 06:31:53,731 [WARNING] django.request: Not Found: /gecko-new.php
2025-10-16 06:31:53,731 [WARNING] django.request: Not Found: /gecko-new.php
2025-10-16 06:31:53,778 [WARNING] django.request: Not Found: /gecko.php
2025-10-16 06:31:53,778 [WARNING] django.request: Not Found: /gecko.php
2025-10-16 06:31:53,826 [WARNING] django.request: Not Found: /goods.php
2025-10-16 06:31:53,826 [WARNING] django.request: Not Found: /goods.php
2025-10-16 06:31:53,874 [WARNING] django.request: Not Found: /hehe.php
2025-10-16 06:31:53,874 [WARNING] django.request: Not Found: /hehe.php
2025-10-16 06:31:53,921 [WARNING] django.request: Not Found: /index.php
2025-10-16 06:31:53,921 [WARNING] django.request: Not Found: /index.php
2025-10-16 06:31:53,971 [WARNING] django.request: Not Found: /info.php
2025-10-16 06:31:53,971 [WARNING] django.request: Not Found: /info.php
2025-10-16 06:31:54,018 [WARNING] django.request: Not Found: /info.php/aa.php
2025-10-16 06:31:54,018 [WARNING] django.request: Not Found: /info.php/aa.php
2025-10-16 06:31:54,065 [WARNING] django.request: Not Found: /inputs.php
2025-10-16 06:31:54,065 [WARNING] django.request: Not Found: /inputs.php
2025-10-16 06:31:54,113 [WARNING] django.request: Not Found: /install.php
2025-10-16 06:31:54,113 [WARNING] django.request: Not Found: /install.php
2025-10-16 06:31:54,160 [WARNING] django.request: Not Found: /ioxi-o.php
2025-10-16 06:31:54,160 [WARNING] django.request: Not Found: /ioxi-o.php
2025-10-16 06:31:54,218 [WARNING] django.request: Not Found: /k.php
2025-10-16 06:31:54,218 [WARNING] django.request: Not Found: /k.php
2025-10-16 06:31:54,265 [WARNING] django.request: Not Found: /lock360.php
2025-10-16 06:31:54,265 [WARNING] django.request: Not Found: /lock360.php
2025-10-16 06:31:54,316 [WARNING] django.request: Not Found: /makeasmtp.php
2025-10-16 06:31:54,316 [WARNING] django.request: Not Found: /makeasmtp.php
2025-10-16 06:31:54,363 [WARNING] django.request: Not Found: /manager.php
2025-10-16 06:31:54,363 [WARNING] django.request: Not Found: /manager.php
2025-10-16 06:31:54,410 [WARNING] django.request: Not Found: /menu.php
2025-10-16 06:31:54,410 [WARNING] django.request: Not Found: /menu.php
2025-10-16 06:31:54,465 [WARNING] django.request: Not Found: /meta.php
2025-10-16 06:31:54,465 [WARNING] django.request: Not Found: /meta.php
2025-10-16 06:31:54,513 [WARNING] django.request: Not Found: /moon.php
2025-10-16 06:31:54,513 [WARNING] django.request: Not Found: /moon.php
2025-10-16 06:31:54,560 [WARNING] django.request: Not Found: /nc4.php
2025-10-16 06:31:54,560 [WARNING] django.request: Not Found: /nc4.php
2025-10-16 06:31:54,607 [WARNING] django.request: Not Found: /plugin.php
2025-10-16 06:31:54,607 [WARNING] django.request: Not Found: /plugin.php
2025-10-16 06:31:54,683 [WARNING] django.request: Not Found: /post.php
2025-10-16 06:31:54,683 [WARNING] django.request: Not Found: /post.php
2025-10-16 06:31:54,730 [WARNING] django.request: Not Found: /public/moon.php
2025-10-16 06:31:54,730 [WARNING] django.request: Not Found: /public/moon.php
2025-10-16 06:31:54,781 [WARNING] django.request: Not Found: /radio.php
2025-10-16 06:31:54,781 [WARNING] django.request: Not Found: /radio.php
2025-10-16 06:31:54,832 [WARNING] django.request: Not Found: /root.php
2025-10-16 06:31:54,832 [WARNING] django.request: Not Found: /root.php
2025-10-16 06:31:54,892 [WARNING] django.request: Not Found: /sim.php
2025-10-16 06:31:54,892 [WARNING] django.request: Not Found: /sim.php
2025-10-16 06:31:54,939 [WARNING] django.request: Not Found: /system.php
2025-10-16 06:31:54,939 [WARNING] django.request: Not Found: /system.php
2025-10-16 06:31:55,021 [WARNING] django.request: Not Found: /system_log.php
2025-10-16 06:31:55,021 [WARNING] django.request: Not Found: /system_log.php
2025-10-16 06:31:55,068 [WARNING] django.request: Not Found: /test1.php/aa.php
2025-10-16 06:31:55,068 [WARNING] django.request: Not Found: /test1.php/aa.php
2025-10-16 06:31:55,115 [WARNING] django.request: Not Found: /text.php
2025-10-16 06:31:55,115 [WARNING] django.request: Not Found: /text.php
2025-10-16 06:31:55,162 [WARNING] django.request: Not Found: /theme.php
2025-10-16 06:31:55,162 [WARNING] django.request: Not Found: /theme.php
2025-10-16 06:31:55,208 [WARNING] django.request: Not Found: /update/
2025-10-16 06:31:55,208 [WARNING] django.request: Not Found: /update/
2025-10-16 06:31:55,260 [WARNING] django.request: Not Found: /user.php
2025-10-16 06:31:55,260 [WARNING] django.request: Not Found: /user.php
2025-10-16 06:31:55,307 [WARNING] django.request: Not Found: /wp-2019.php
2025-10-16 06:31:55,307 [WARNING] django.request: Not Found: /wp-2019.php
2025-10-16 06:31:55,354 [WARNING] django.request: Not Found: /wp-admin.php
2025-10-16 06:31:55,354 [WARNING] django.request: Not Found: /wp-admin.php
2025-10-16 06:31:55,401 [WARNING] django.request: Not Found: /wp-admin/
2025-10-16 06:31:55,401 [WARNING] django.request: Not Found: /wp-admin/
2025-10-16 06:31:55,447 [WARNING] django.request: Not Found: /wp-admin/index.php
2025-10-16 06:31:55,447 [WARNING] django.request: Not Found: /wp-admin/index.php
2025-10-16 06:31:55,500 [WARNING] django.request: Not Found: /wp-admin/wp-conflg.php
2025-10-16 06:31:55,500 [WARNING] django.request: Not Found: /wp-admin/wp-conflg.php
2025-10-16 06:31:55,548 [WARNING] django.request: Not Found: /wp-content/file.php
2025-10-16 06:31:55,548 [WARNING] django.request: Not Found: /wp-content/file.php
2025-10-16 06:31:55,595 [WARNING] django.request: Not Found: /wp-content/index.php
2025-10-16 06:31:55,595 [WARNING] django.request: Not Found: /wp-content/index.php
2025-10-16 06:31:55,642 [WARNING] django.request: Not Found: /wp-content/plugins/
2025-10-16 06:31:55,642 [WARNING] django.request: Not Found: /wp-content/plugins/
2025-10-16 06:31:55,702 [WARNING] django.request: Not Found: /wp-content/plugins/autoload_classmap.php
2025-10-16 06:31:55,702 [WARNING] django.request: Not Found: /wp-content/plugins/autoload_classmap.php
2025-10-16 06:31:55,749 [WARNING] django.request: Not Found: /wp-content/uploads/admin.php
2025-10-16 06:31:55,749 [WARNING] django.request: Not Found: /wp-content/uploads/admin.php
2025-10-16 06:31:55,796 [WARNING] django.request: Not Found: /wp-content/uploads/index.php
2025-10-16 06:31:55,796 [WARNING] django.request: Not Found: /wp-content/uploads/index.php
2025-10-16 06:31:55,843 [WARNING] django.request: Not Found: /wp-error.php
2025-10-16 06:31:55,843 [WARNING] django.request: Not Found: /wp-error.php
2025-10-16 06:31:55,890 [WARNING] django.request: Not Found: /wp-includes/ID3/
2025-10-16 06:31:55,890 [WARNING] django.request: Not Found: /wp-includes/ID3/
2025-10-16 06:31:55,936 [WARNING] django.request: Not Found: /wp-includes/ID3/autoload_classmap.php
2025-10-16 06:31:55,936 [WARNING] django.request: Not Found: /wp-includes/ID3/autoload_classmap.php
2025-10-16 06:31:55,986 [WARNING] django.request: Not Found: /wp-includes/PHPMailer/wp-conflg.php
2025-10-16 06:31:55,986 [WARNING] django.request: Not Found: /wp-includes/PHPMailer/wp-conflg.php
2025-10-16 06:31:56,032 [WARNING] django.request: Not Found: /wp-includes/SimplePie/XML/
2025-10-16 06:31:56,032 [WARNING] django.request: Not Found: /wp-includes/SimplePie/XML/
2025-10-16 06:31:56,079 [WARNING] django.request: Not Found: /wp-includes/Text/
2025-10-16 06:31:56,079 [WARNING] django.request: Not Found: /wp-includes/Text/
2025-10-16 06:31:56,126 [WARNING] django.request: Not Found: /wp-includes/Text/index.php
2025-10-16 06:31:56,126 [WARNING] django.request: Not Found: /wp-includes/Text/index.php
2025-10-16 06:31:56,175 [WARNING] django.request: Not Found: /wp-includes/blocks/comments/
2025-10-16 06:31:56,175 [WARNING] django.request: Not Found: /wp-includes/blocks/comments/
2025-10-16 06:31:56,246 [WARNING] django.request: Not Found: /wp-includes/certificates/admin.php
2025-10-16 06:31:56,246 [WARNING] django.request: Not Found: /wp-includes/certificates/admin.php
2025-10-16 06:31:56,294 [WARNING] django.request: Not Found: /wp-includes/widgets/
2025-10-16 06:31:56,294 [WARNING] django.request: Not Found: /wp-includes/widgets/
2025-10-16 06:31:56,341 [WARNING] django.request: Not Found: /xmlrpc.php
2025-10-16 06:31:56,341 [WARNING] django.request: Not Found: /xmlrpc.php
2025-10-16 06:31:56,389 [WARNING] django.request: Not Found: /xmrlpc.php
2025-10-16 06:31:56,389 [WARNING] django.request: Not Found: /xmrlpc.php
2025-10-16 06:52:55,124 [WARNING] django.request: Not Found: /robots.txt
2025-10-16 06:52:55,124 [WARNING] django.request: Not Found: /robots.txt
2025-10-16 06:52:55,124 [WARNING] django.request: Not Found: /sitemap.xml
2025-10-16 06:52:55,124 [WARNING] django.request: Not Found: /sitemap.xml
2025-10-16 07:05:17,292 [WARNING] django.request: Not Found: /robots.txt
2025-10-16 07:05:17,292 [WARNING] django.request: Not Found: /robots.txt
2025-10-16 07:12:57,955 [WARNING] django.request: Not Found: /robots.txt
2025-10-16 07:12:57,955 [WARNING] django.request: Not Found: /robots.txt
2025-10-16 07:13:01,251 [WARNING] django.request: Not Found: /robots.txt
2025-10-16 07:13:01,251 [WARNING] django.request: Not Found: /robots.txt
2025-10-16 07:30:54,173 [WARNING] django.request: Not Found: /robots.txt
2025-10-16 07:30:54,173 [WARNING] django.request: Not Found: /robots.txt
2025-10-16 07:41:25,337 [WARNING] django.request: Not Found: /.env
2025-10-16 07:41:25,337 [WARNING] django.request: Not Found: /.env
2025-10-16 07:41:25,583 [WARNING] django.security.csrf: Forbidden (Referer checking failed - no Referer.): /
2025-10-16 07:41:25,583 [WARNING] django.security.csrf: Forbidden (Referer checking failed - no Referer.): /
2025-10-16 09:29:28,722 [WARNING] django.request: Not Found: /.env
2025-10-16 09:29:28,722 [WARNING] django.request: Not Found: /.env
2025-10-16 09:29:29,216 [WARNING] django.security.csrf: Forbidden (Referer checking failed - no Referer.): /
2025-10-16 09:29:29,216 [WARNING] django.security.csrf: Forbidden (Referer checking failed - no Referer.): /
2025-10-16 09:29:33,093 [WARNING] django.request: Not Found: /.git/config
2025-10-16 09:29:33,093 [WARNING] django.request: Not Found: /.git/config
2025-10-16 09:41:03,712 [WARNING] django.request: Not Found: /robots.txt
2025-10-16 09:41:03,712 [WARNING] django.request: Not Found: /robots.txt
2025-10-16 09:43:27,518 [WARNING] django.request: Not Found: /owa/auth/x.js
2025-10-16 09:43:27,518 [WARNING] django.request: Not Found: /owa/auth/x.js
2025-10-16 10:15:51,765 [WARNING] django.request: Not Found: /form.php
2025-10-16 10:15:51,765 [WARNING] django.request: Not Found: /form.php
2025-10-16 10:15:51,879 [WARNING] django.request: Not Found: /aa.php
2025-10-16 10:15:51,879 [WARNING] django.request: Not Found: /aa.php
2025-10-16 10:15:52,017 [WARNING] django.request: Not Found: /abcd.php
2025-10-16 10:15:52,017 [WARNING] django.request: Not Found: /abcd.php
2025-10-16 10:15:52,128 [WARNING] django.request: Not Found: /admin.php
2025-10-16 10:15:52,128 [WARNING] django.request: Not Found: /admin.php
2025-10-16 10:15:52,219 [WARNING] django.request: Not Found: /.__info.php
2025-10-16 10:15:52,219 [WARNING] django.request: Not Found: /.__info.php
2025-10-16 10:15:52,336 [WARNING] django.request: Not Found: /.bod/.ll/ss.php
2025-10-16 10:15:52,336 [WARNING] django.request: Not Found: /.bod/.ll/ss.php
2025-10-16 10:15:52,413 [WARNING] django.request: Not Found: /.well-known/.qiodetme.php
2025-10-16 10:15:52,413 [WARNING] django.request: Not Found: /.well-known/.qiodetme.php
2025-10-16 10:15:52,478 [WARNING] django.request: Not Found: /info.php
2025-10-16 10:15:52,478 [WARNING] django.request: Not Found: /info.php
2025-10-16 10:15:52,545 [WARNING] django.request: Not Found: /xmlrpc.php
2025-10-16 10:15:52,545 [WARNING] django.request: Not Found: /xmlrpc.php
2025-10-16 10:15:52,596 [WARNING] django.request: Not Found: /ALFA_DATA/admin.php
2025-10-16 10:15:52,596 [WARNING] django.request: Not Found: /ALFA_DATA/admin.php
2025-10-16 10:15:52,677 [WARNING] django.request: Not Found: /aaa.php
2025-10-16 10:15:52,677 [WARNING] django.request: Not Found: /aaa.php
2025-10-16 10:15:52,781 [WARNING] django.request: Not Found: /about.php
2025-10-16 10:15:52,781 [WARNING] django.request: Not Found: /about.php
2025-10-16 10:15:52,990 [WARNING] django.request: Not Found: /adminfuns.php
2025-10-16 10:15:52,990 [WARNING] django.request: Not Found: /adminfuns.php
2025-10-16 10:15:53,073 [WARNING] django.request: Not Found: /akcc.php
2025-10-16 10:15:53,073 [WARNING] django.request: Not Found: /akcc.php
2025-10-16 10:15:53,185 [WARNING] django.request: Not Found: /alfa.php
2025-10-16 10:15:53,185 [WARNING] django.request: Not Found: /alfa.php
2025-10-16 10:15:53,278 [WARNING] django.request: Not Found: /build.php
2025-10-16 10:15:53,278 [WARNING] django.request: Not Found: /build.php
2025-10-16 10:15:53,398 [WARNING] django.request: Not Found: /buy.php
2025-10-16 10:15:53,398 [WARNING] django.request: Not Found: /buy.php
2025-10-16 10:15:53,482 [WARNING] django.request: Not Found: /chosen.php
2025-10-16 10:15:53,482 [WARNING] django.request: Not Found: /chosen.php
2025-10-16 10:15:53,581 [WARNING] django.request: Not Found: /classwithtostring.php
2025-10-16 10:15:53,581 [WARNING] django.request: Not Found: /classwithtostring.php
2025-10-16 10:15:53,692 [WARNING] django.request: Not Found: /default.php
2025-10-16 10:15:53,692 [WARNING] django.request: Not Found: /default.php
2025-10-16 10:15:53,752 [WARNING] django.request: Not Found: /edit.php
2025-10-16 10:15:53,752 [WARNING] django.request: Not Found: /edit.php
2025-10-16 10:15:53,845 [WARNING] django.request: Not Found: /file.php
2025-10-16 10:15:53,845 [WARNING] django.request: Not Found: /file.php
2025-10-16 10:15:53,912 [WARNING] django.request: Not Found: /filemanager.php
2025-10-16 10:15:53,912 [WARNING] django.request: Not Found: /filemanager.php
2025-10-16 10:15:53,989 [WARNING] django.request: Not Found: /flower.php
2025-10-16 10:15:53,989 [WARNING] django.request: Not Found: /flower.php
2025-10-16 10:15:54,104 [WARNING] django.request: Not Found: /function/function.php
2025-10-16 10:15:54,104 [WARNING] django.request: Not Found: /function/function.php
2025-10-16 10:15:54,190 [WARNING] django.request: Not Found: /go.php
2025-10-16 10:15:54,190 [WARNING] django.request: Not Found: /go.php
2025-10-16 10:15:54,265 [WARNING] django.request: Not Found: /images/index.php
2025-10-16 10:15:54,265 [WARNING] django.request: Not Found: /images/index.php
2025-10-16 10:15:54,328 [WARNING] django.request: Not Found: /images/images/about.php
2025-10-16 10:15:54,328 [WARNING] django.request: Not Found: /images/images/about.php
2025-10-16 10:15:54,391 [WARNING] django.request: Not Found: /ioxi-o.php
2025-10-16 10:15:54,391 [WARNING] django.request: Not Found: /ioxi-o.php
2025-10-16 10:15:54,449 [WARNING] django.request: Not Found: /mari.php
2025-10-16 10:15:54,449 [WARNING] django.request: Not Found: /mari.php
2025-10-16 10:15:54,497 [WARNING] django.request: Not Found: /moon.php
2025-10-16 10:15:54,497 [WARNING] django.request: Not Found: /moon.php
2025-10-16 10:15:54,606 [WARNING] django.request: Not Found: /nc4.php
2025-10-16 10:15:54,606 [WARNING] django.request: Not Found: /nc4.php
2025-10-16 10:15:54,665 [WARNING] django.request: Not Found: /wp-admin/about.php
2025-10-16 10:15:54,665 [WARNING] django.request: Not Found: /wp-admin/about.php
2025-10-16 10:15:54,768 [WARNING] django.request: Not Found: /wp-admin/css/colors/blue/index.php
2025-10-16 10:15:54,768 [WARNING] django.request: Not Found: /wp-admin/css/colors/blue/index.php
2025-10-16 10:15:54,862 [WARNING] django.request: Not Found: /wp-content/upgrade/index.php
2025-10-16 10:15:54,862 [WARNING] django.request: Not Found: /wp-content/upgrade/index.php
2025-10-16 10:15:54,918 [WARNING] django.request: Not Found: /wp-includes/style-engine/index.php
2025-10-16 10:15:54,918 [WARNING] django.request: Not Found: /wp-includes/style-engine/index.php
2025-10-16 10:15:54,984 [WARNING] django.request: Not Found: /cgi-bin/
2025-10-16 10:15:54,984 [WARNING] django.request: Not Found: /cgi-bin/
2025-10-16 10:15:55,033 [WARNING] django.request: Not Found: /xleet.php
2025-10-16 10:15:55,033 [WARNING] django.request: Not Found: /xleet.php
2025-10-16 10:15:55,113 [WARNING] django.request: Not Found: /wp-admin/includes/
2025-10-16 10:15:55,113 [WARNING] django.request: Not Found: /wp-admin/includes/
2025-10-16 10:15:55,182 [WARNING] django.request: Not Found: /wp-content/uploads/admin.php
2025-10-16 10:15:55,182 [WARNING] django.request: Not Found: /wp-content/uploads/admin.php
2025-10-16 10:15:55,269 [WARNING] django.request: Not Found: /wp-good.php
2025-10-16 10:15:55,269 [WARNING] django.request: Not Found: /wp-good.php
2025-10-16 10:15:55,363 [WARNING] django.request: Not Found: /wp-includes/Text/Diff/Renderer/
2025-10-16 10:15:55,363 [WARNING] django.request: Not Found: /wp-includes/Text/Diff/Renderer/
2025-10-16 10:15:55,547 [WARNING] django.request: Not Found: /wp-includes/style-engine/
2025-10-16 10:15:55,547 [WARNING] django.request: Not Found: /wp-includes/style-engine/
2025-10-16 10:15:55,621 [WARNING] django.request: Not Found: /xmrlpc.php
2025-10-16 10:15:55,621 [WARNING] django.request: Not Found: /xmrlpc.php
2025-10-16 10:15:55,687 [WARNING] django.request: Not Found: /asasx.php
2025-10-16 10:15:55,687 [WARNING] django.request: Not Found: /asasx.php
2025-10-16 10:15:55,743 [WARNING] django.request: Not Found: /autoload_classmap.php
2025-10-16 10:15:55,743 [WARNING] django.request: Not Found: /autoload_classmap.php
2025-10-16 10:15:55,793 [WARNING] django.request: Not Found: /cong.php
2025-10-16 10:15:55,793 [WARNING] django.request: Not Found: /cong.php
2025-10-16 10:15:55,858 [WARNING] django.request: Not Found: /file2.php
2025-10-16 10:15:55,858 [WARNING] django.request: Not Found: /file2.php
2025-10-16 10:15:55,905 [WARNING] django.request: Not Found: /wp-content/index.php
2025-10-16 10:15:55,905 [WARNING] django.request: Not Found: /wp-content/index.php
2025-10-16 10:15:55,969 [WARNING] django.request: Not Found: /wp-content/plugins/yanierin/akcc.php
2025-10-16 10:15:55,969 [WARNING] django.request: Not Found: /wp-content/plugins/yanierin/akcc.php
2025-10-16 10:15:56,031 [WARNING] django.request: Not Found: /wp-content/uploads/index.php
2025-10-16 10:15:56,031 [WARNING] django.request: Not Found: /wp-content/uploads/index.php
2025-10-16 10:15:56,075 [WARNING] django.request: Not Found: /wp-content/wp-conflg.php
2025-10-16 10:15:56,075 [WARNING] django.request: Not Found: /wp-content/wp-conflg.php
2025-10-16 10:15:56,127 [WARNING] django.request: Not Found: /wp-cron.php
2025-10-16 10:15:56,127 [WARNING] django.request: Not Found: /wp-cron.php
2025-10-16 10:15:56,200 [WARNING] django.request: Not Found: /wp-includes/IXR/
2025-10-16 10:15:56,200 [WARNING] django.request: Not Found: /wp-includes/IXR/
2025-10-16 10:15:56,254 [WARNING] django.request: Not Found: /wp-includes/block-supports/
2025-10-16 10:15:56,254 [WARNING] django.request: Not Found: /wp-includes/block-supports/
2025-10-16 10:15:56,333 [WARNING] django.request: Not Found: /wp-includes/fonts/
2025-10-16 10:15:56,333 [WARNING] django.request: Not Found: /wp-includes/fonts/
2025-10-16 10:15:56,400 [WARNING] django.request: Not Found: /wp-includes/fonts/index.php
2025-10-16 10:15:56,400 [WARNING] django.request: Not Found: /wp-includes/fonts/index.php
2025-10-16 10:15:56,501 [WARNING] django.request: Not Found: /wp-includes/js/crop/
2025-10-16 10:15:56,501 [WARNING] django.request: Not Found: /wp-includes/js/crop/
2025-10-16 10:15:56,585 [WARNING] django.request: Not Found: /wp-includes/rest-api/
2025-10-16 10:15:56,585 [WARNING] django.request: Not Found: /wp-includes/rest-api/
2025-10-16 10:15:56,674 [WARNING] django.request: Not Found: /wp-includes/widgets/
2025-10-16 10:15:56,674 [WARNING] django.request: Not Found: /wp-includes/widgets/
2025-10-16 11:07:00,852 [WARNING] django.request: Not Found: /.git/config
2025-10-16 11:07:00,852 [WARNING] django.request: Not Found: /.git/config
2025-10-16 11:07:01,089 [WARNING] django.request: Not Found: /.git/config
2025-10-16 11:07:01,089 [WARNING] django.request: Not Found: /.git/config
2025-10-16 11:07:01,169 [WARNING] django.security.csrf: Forbidden (Referer checking failed - no Referer.): /
2025-10-16 11:07:01,169 [WARNING] django.security.csrf: Forbidden (Referer checking failed - no Referer.): /
2025-10-16 11:07:01,408 [WARNING] django.request: Not Found: /.env
2025-10-16 11:07:01,408 [WARNING] django.request: Not Found: /.env
2025-10-16 11:07:01,568 [WARNING] django.request: Not Found: /.env
2025-10-16 11:07:01,568 [WARNING] django.request: Not Found: /.env
2025-10-16 11:07:01,652 [WARNING] django.request: Not Found: /.env.backup
2025-10-16 11:07:01,652 [WARNING] django.request: Not Found: /.env.backup
2025-10-16 11:07:01,815 [WARNING] django.request: Not Found: /.env.backup
2025-10-16 11:07:01,815 [WARNING] django.request: Not Found: /.env.backup
2025-10-16 11:07:01,900 [WARNING] django.request: Not Found: /.env.old
2025-10-16 11:07:01,900 [WARNING] django.request: Not Found: /.env.old
2025-10-16 11:07:02,060 [WARNING] django.request: Not Found: /.env.old
2025-10-16 11:07:02,060 [WARNING] django.request: Not Found: /.env.old
2025-10-16 11:07:02,142 [WARNING] django.request: Not Found: /.env.save
2025-10-16 11:07:02,142 [WARNING] django.request: Not Found: /.env.save
2025-10-16 11:07:02,304 [WARNING] django.request: Not Found: /.env.save
2025-10-16 11:07:02,304 [WARNING] django.request: Not Found: /.env.save
2025-10-16 11:07:02,386 [WARNING] django.request: Not Found: /.env.example
2025-10-16 11:07:02,386 [WARNING] django.request: Not Found: /.env.example
2025-10-16 11:07:02,546 [WARNING] django.request: Not Found: /.env.example
2025-10-16 11:07:02,546 [WARNING] django.request: Not Found: /.env.example
2025-10-16 11:07:02,628 [WARNING] django.request: Not Found: /public/.env
2025-10-16 11:07:02,628 [WARNING] django.request: Not Found: /public/.env
2025-10-16 11:07:02,788 [WARNING] django.request: Not Found: /public/.env
2025-10-16 11:07:02,788 [WARNING] django.request: Not Found: /public/.env
2025-10-16 11:07:02,871 [WARNING] django.request: Not Found: /storage/.env
2025-10-16 11:07:02,871 [WARNING] django.request: Not Found: /storage/.env
2025-10-16 11:07:03,031 [WARNING] django.request: Not Found: /storage/.env
2025-10-16 11:07:03,031 [WARNING] django.request: Not Found: /storage/.env
2025-10-16 11:07:03,114 [WARNING] django.request: Not Found: /.env.dev
2025-10-16 11:07:03,114 [WARNING] django.request: Not Found: /.env.dev
2025-10-16 11:07:03,274 [WARNING] django.request: Not Found: /.env.dev
2025-10-16 11:07:03,274 [WARNING] django.request: Not Found: /.env.dev
2025-10-16 11:07:03,356 [WARNING] django.request: Not Found: /.env.production
2025-10-16 11:07:03,356 [WARNING] django.request: Not Found: /.env.production
2025-10-16 11:07:03,517 [WARNING] django.request: Not Found: /.env.production
2025-10-16 11:07:03,517 [WARNING] django.request: Not Found: /.env.production
2025-10-16 11:07:03,599 [WARNING] django.request: Not Found: /.env.local
2025-10-16 11:07:03,599 [WARNING] django.request: Not Found: /.env.local
2025-10-16 11:07:03,764 [WARNING] django.request: Not Found: /.env.local
2025-10-16 11:07:03,764 [WARNING] django.request: Not Found: /.env.local
2025-10-16 11:07:03,847 [WARNING] django.request: Not Found: /api/.env
2025-10-16 11:07:03,847 [WARNING] django.request: Not Found: /api/.env
2025-10-16 11:07:04,009 [WARNING] django.request: Not Found: /api/.env
2025-10-16 11:07:04,009 [WARNING] django.request: Not Found: /api/.env
2025-10-16 11:07:04,092 [WARNING] django.request: Not Found: /app/.env
2025-10-16 11:07:04,092 [WARNING] django.request: Not Found: /app/.env
2025-10-16 11:07:04,251 [WARNING] django.request: Not Found: /app/.env
2025-10-16 11:07:04,251 [WARNING] django.request: Not Found: /app/.env
2025-10-16 11:07:04,334 [WARNING] django.request: Not Found: /.env.bak
2025-10-16 11:07:04,334 [WARNING] django.request: Not Found: /.env.bak
2025-10-16 11:07:04,496 [WARNING] django.request: Not Found: /.env.bak
2025-10-16 11:07:04,496 [WARNING] django.request: Not Found: /.env.bak
2025-10-16 11:07:04,579 [WARNING] django.request: Not Found: /.env.prod
2025-10-16 11:07:04,579 [WARNING] django.request: Not Found: /.env.prod
2025-10-16 11:07:04,741 [WARNING] django.request: Not Found: /.env.prod
2025-10-16 11:07:04,741 [WARNING] django.request: Not Found: /.env.prod
2025-10-16 11:07:04,823 [WARNING] django.request: Not Found: /.env.test
2025-10-16 11:07:04,823 [WARNING] django.request: Not Found: /.env.test
2025-10-16 11:07:04,983 [WARNING] django.request: Not Found: /.env.test
2025-10-16 11:07:04,983 [WARNING] django.request: Not Found: /.env.test
2025-10-16 11:07:05,067 [WARNING] django.request: Not Found: /.env.staging
2025-10-16 11:07:05,067 [WARNING] django.request: Not Found: /.env.staging
2025-10-16 11:07:05,226 [WARNING] django.request: Not Found: /.env.staging
2025-10-16 11:07:05,226 [WARNING] django.request: Not Found: /.env.staging
2025-10-16 11:07:05,308 [WARNING] django.request: Not Found: /.env.development
2025-10-16 11:07:05,308 [WARNING] django.request: Not Found: /.env.development
2025-10-16 11:07:05,467 [WARNING] django.request: Not Found: /.env.development
2025-10-16 11:07:05,467 [WARNING] django.request: Not Found: /.env.development
2025-10-16 11:07:05,550 [WARNING] django.request: Not Found: /.env.beta
2025-10-16 11:07:05,550 [WARNING] django.request: Not Found: /.env.beta
2025-10-16 11:07:05,710 [WARNING] django.request: Not Found: /.env.beta
2025-10-16 11:07:05,710 [WARNING] django.request: Not Found: /.env.beta
2025-10-16 11:07:05,793 [WARNING] django.request: Not Found: /.env.live
2025-10-16 11:07:05,793 [WARNING] django.request: Not Found: /.env.live
2025-10-16 11:07:05,952 [WARNING] django.request: Not Found: /.env.live
2025-10-16 11:07:05,952 [WARNING] django.request: Not Found: /.env.live
2025-10-16 11:07:06,034 [WARNING] django.request: Not Found: /.env.orig
2025-10-16 11:07:06,034 [WARNING] django.request: Not Found: /.env.orig
2025-10-16 11:07:06,194 [WARNING] django.request: Not Found: /.env.orig
2025-10-16 11:07:06,194 [WARNING] django.request: Not Found: /.env.orig
2025-10-16 11:07:06,276 [WARNING] django.request: Not Found: /.env.sample
2025-10-16 11:07:06,276 [WARNING] django.request: Not Found: /.env.sample
2025-10-16 11:07:06,436 [WARNING] django.request: Not Found: /.env.sample
2025-10-16 11:07:06,436 [WARNING] django.request: Not Found: /.env.sample
2025-10-16 11:07:06,518 [WARNING] django.request: Not Found: /.env.dist
2025-10-16 11:07:06,518 [WARNING] django.request: Not Found: /.env.dist
2025-10-16 11:07:06,678 [WARNING] django.request: Not Found: /.env.dist
2025-10-16 11:07:06,678 [WARNING] django.request: Not Found: /.env.dist
2025-10-16 11:07:06,760 [WARNING] django.request: Not Found: /.env.config
2025-10-16 11:07:06,760 [WARNING] django.request: Not Found: /.env.config
2025-10-16 11:07:06,920 [WARNING] django.request: Not Found: /.env.config
2025-10-16 11:07:06,920 [WARNING] django.request: Not Found: /.env.config
2025-10-16 11:07:07,003 [WARNING] django.request: Not Found: /.env.defaults
2025-10-16 11:07:07,003 [WARNING] django.request: Not Found: /.env.defaults
2025-10-16 11:07:07,162 [WARNING] django.request: Not Found: /.env.defaults
2025-10-16 11:07:07,162 [WARNING] django.request: Not Found: /.env.defaults
2025-10-16 11:07:07,246 [WARNING] django.request: Not Found: /.env.template
2025-10-16 11:07:07,246 [WARNING] django.request: Not Found: /.env.template
2025-10-16 11:07:07,407 [WARNING] django.request: Not Found: /.env.template
2025-10-16 11:07:07,407 [WARNING] django.request: Not Found: /.env.template
2025-10-16 11:07:07,489 [WARNING] django.request: Not Found: /.env.tmp
2025-10-16 11:07:07,489 [WARNING] django.request: Not Found: /.env.tmp
2025-10-16 11:07:07,648 [WARNING] django.request: Not Found: /.env.tmp
2025-10-16 11:07:07,648 [WARNING] django.request: Not Found: /.env.tmp
2025-10-16 11:07:07,730 [WARNING] django.request: Not Found: /.env.testing
2025-10-16 11:07:07,730 [WARNING] django.request: Not Found: /.env.testing
2025-10-16 11:07:07,890 [WARNING] django.request: Not Found: /.env.testing
2025-10-16 11:07:07,890 [WARNING] django.request: Not Found: /.env.testing
2025-10-16 11:07:07,975 [WARNING] django.request: Not Found: /.env.demo
2025-10-16 11:07:07,975 [WARNING] django.request: Not Found: /.env.demo
2025-10-16 11:07:08,147 [WARNING] django.request: Not Found: /.env.demo
2025-10-16 11:07:08,147 [WARNING] django.request: Not Found: /.env.demo
2025-10-16 11:07:08,229 [WARNING] django.request: Not Found: /.env.new
2025-10-16 11:07:08,229 [WARNING] django.request: Not Found: /.env.new
2025-10-16 11:07:08,389 [WARNING] django.request: Not Found: /.env.new
2025-10-16 11:07:08,389 [WARNING] django.request: Not Found: /.env.new
2025-10-16 11:07:08,471 [WARNING] django.request: Not Found: /.env.copy
2025-10-16 11:07:08,471 [WARNING] django.request: Not Found: /.env.copy
2025-10-16 11:07:08,631 [WARNING] django.request: Not Found: /.env.copy
2025-10-16 11:07:08,631 [WARNING] django.request: Not Found: /.env.copy
2025-10-16 11:07:08,714 [WARNING] django.request: Not Found: /config/.env
2025-10-16 11:07:08,714 [WARNING] django.request: Not Found: /config/.env
2025-10-16 11:07:08,879 [WARNING] django.request: Not Found: /config/.env
2025-10-16 11:07:08,879 [WARNING] django.request: Not Found: /config/.env
2025-10-16 11:07:08,963 [WARNING] django.request: Not Found: /backend/.env
2025-10-16 11:07:08,963 [WARNING] django.request: Not Found: /backend/.env
2025-10-16 11:07:09,123 [WARNING] django.request: Not Found: /backend/.env
2025-10-16 11:07:09,123 [WARNING] django.request: Not Found: /backend/.env
2025-10-16 11:07:09,205 [WARNING] django.request: Not Found: /frontend/.env
2025-10-16 11:07:09,205 [WARNING] django.request: Not Found: /frontend/.env
2025-10-16 11:07:09,365 [WARNING] django.request: Not Found: /frontend/.env
2025-10-16 11:07:09,365 [WARNING] django.request: Not Found: /frontend/.env
2025-10-16 11:07:09,447 [WARNING] django.request: Not Found: /.env.debug
2025-10-16 11:07:09,447 [WARNING] django.request: Not Found: /.env.debug
2025-10-16 11:07:09,607 [WARNING] django.request: Not Found: /.env.debug
2025-10-16 11:07:09,607 [WARNING] django.request: Not Found: /.env.debug
2025-10-16 11:07:09,694 [WARNING] django.request: Not Found: /debug/.env
2025-10-16 11:07:09,694 [WARNING] django.request: Not Found: /debug/.env
2025-10-16 11:07:09,853 [WARNING] django.request: Not Found: /debug/.env
2025-10-16 11:07:09,853 [WARNING] django.request: Not Found: /debug/.env
2025-10-16 11:07:09,935 [WARNING] django.request: Not Found: /.env_debug
2025-10-16 11:07:09,935 [WARNING] django.request: Not Found: /.env_debug
2025-10-16 11:07:10,096 [WARNING] django.request: Not Found: /.env_debug
2025-10-16 11:07:10,096 [WARNING] django.request: Not Found: /.env_debug
2025-10-16 11:07:10,179 [WARNING] django.request: Not Found: /config.env
2025-10-16 11:07:10,179 [WARNING] django.request: Not Found: /config.env
2025-10-16 11:07:10,338 [WARNING] django.request: Not Found: /config.env
2025-10-16 11:07:10,338 [WARNING] django.request: Not Found: /config.env
2025-10-16 11:07:10,422 [WARNING] django.request: Not Found: /vendor/.env
2025-10-16 11:07:10,422 [WARNING] django.request: Not Found: /vendor/.env
2025-10-16 11:07:10,582 [WARNING] django.request: Not Found: /vendor/.env
2025-10-16 11:07:10,582 [WARNING] django.request: Not Found: /vendor/.env
2025-10-16 11:07:10,665 [WARNING] django.request: Not Found: /lib/.env
2025-10-16 11:07:10,665 [WARNING] django.request: Not Found: /lib/.env
2025-10-16 11:07:10,825 [WARNING] django.request: Not Found: /lib/.env
2025-10-16 11:07:10,825 [WARNING] django.request: Not Found: /lib/.env
2025-10-16 11:07:10,907 [WARNING] django.request: Not Found: /sendgrid.env
2025-10-16 11:07:10,907 [WARNING] django.request: Not Found: /sendgrid.env
2025-10-16 11:07:11,068 [WARNING] django.request: Not Found: /sendgrid.env
2025-10-16 11:07:11,068 [WARNING] django.request: Not Found: /sendgrid.env
2025-10-16 11:07:11,151 [WARNING] django.request: Not Found: /cronlab/.env
2025-10-16 11:07:11,151 [WARNING] django.request: Not Found: /cronlab/.env
2025-10-16 11:07:11,310 [WARNING] django.request: Not Found: /cronlab/.env
2025-10-16 11:07:11,310 [WARNING] django.request: Not Found: /cronlab/.env
2025-10-16 11:07:11,392 [WARNING] django.request: Not Found: /cron/.env
2025-10-16 11:07:11,392 [WARNING] django.request: Not Found: /cron/.env
2025-10-16 11:07:11,552 [WARNING] django.request: Not Found: /cron/.env
2025-10-16 11:07:11,552 [WARNING] django.request: Not Found: /cron/.env
2025-10-16 11:07:11,634 [WARNING] django.request: Not Found: /core/.env
2025-10-16 11:07:11,634 [WARNING] django.request: Not Found: /core/.env
2025-10-16 11:07:11,796 [WARNING] django.request: Not Found: /core/.env
2025-10-16 11:07:11,796 [WARNING] django.request: Not Found: /core/.env
2025-10-16 11:07:11,879 [WARNING] django.request: Not Found: /core/app/.env
2025-10-16 11:07:11,879 [WARNING] django.request: Not Found: /core/app/.env
2025-10-16 11:07:12,038 [WARNING] django.request: Not Found: /core/app/.env
2025-10-16 11:07:12,038 [WARNING] django.request: Not Found: /core/app/.env
2025-10-16 11:07:12,121 [WARNING] django.request: Not Found: /core/Datavase/.env
2025-10-16 11:07:12,121 [WARNING] django.request: Not Found: /core/Datavase/.env
2025-10-16 11:07:12,280 [WARNING] django.request: Not Found: /core/Datavase/.env
2025-10-16 11:07:12,280 [WARNING] django.request: Not Found: /core/Datavase/.env
2025-10-16 11:07:12,362 [WARNING] django.request: Not Found: /database/.env
2025-10-16 11:07:12,362 [WARNING] django.request: Not Found: /database/.env
2025-10-16 11:07:12,522 [WARNING] django.request: Not Found: /database/.env
2025-10-16 11:07:12,522 [WARNING] django.request: Not Found: /database/.env
2025-10-16 11:07:12,605 [WARNING] django.request: Not Found: /assets/.env
2025-10-16 11:07:12,605 [WARNING] django.request: Not Found: /assets/.env
2025-10-16 11:07:12,765 [WARNING] django.request: Not Found: /assets/.env
2025-10-16 11:07:12,765 [WARNING] django.request: Not Found: /assets/.env
2025-10-16 11:07:12,851 [WARNING] django.request: Not Found: /apps/.gitignore
2025-10-16 11:07:12,851 [WARNING] django.request: Not Found: /apps/.gitignore
2025-10-16 11:07:13,011 [WARNING] django.request: Not Found: /apps/.gitignore
2025-10-16 11:07:13,011 [WARNING] django.request: Not Found: /apps/.gitignore
2025-10-16 11:07:13,093 [WARNING] django.request: Not Found: /laravel/.env
2025-10-16 11:07:13,093 [WARNING] django.request: Not Found: /laravel/.env
2025-10-16 11:07:13,254 [WARNING] django.request: Not Found: /laravel/.env
2025-10-16 11:07:13,254 [WARNING] django.request: Not Found: /laravel/.env
2025-10-16 11:07:13,337 [WARNING] django.request: Not Found: /.env.bkp
2025-10-16 11:07:13,337 [WARNING] django.request: Not Found: /.env.bkp
2025-10-16 11:07:13,501 [WARNING] django.request: Not Found: /.env.bkp
2025-10-16 11:07:13,501 [WARNING] django.request: Not Found: /.env.bkp
2025-10-16 11:07:13,583 [WARNING] django.request: Not Found: /.env.test.local
2025-10-16 11:07:13,583 [WARNING] django.request: Not Found: /.env.test.local
2025-10-16 11:07:13,743 [WARNING] django.request: Not Found: /.env.test.local
2025-10-16 11:07:13,743 [WARNING] django.request: Not Found: /.env.test.local
2025-10-16 11:07:13,827 [WARNING] django.request: Not Found: /.env.sqlite
2025-10-16 11:07:13,827 [WARNING] django.request: Not Found: /.env.sqlite
2025-10-16 11:07:13,986 [WARNING] django.request: Not Found: /.env.sqlite
2025-10-16 11:07:13,986 [WARNING] django.request: Not Found: /.env.sqlite
2025-10-16 11:07:14,068 [WARNING] django.request: Not Found: /.env.swp
2025-10-16 11:07:14,068 [WARNING] django.request: Not Found: /.env.swp
2025-10-16 11:07:14,228 [WARNING] django.request: Not Found: /.env.swp
2025-10-16 11:07:14,228 [WARNING] django.request: Not Found: /.env.swp
2025-10-16 11:07:14,310 [WARNING] django.request: Not Found: /.env_sample
2025-10-16 11:07:14,310 [WARNING] django.request: Not Found: /.env_sample
2025-10-16 11:07:14,470 [WARNING] django.request: Not Found: /.env_sample
2025-10-16 11:07:14,470 [WARNING] django.request: Not Found: /.env_sample
2025-10-16 11:07:14,552 [WARNING] django.request: Not Found: /.env_old
2025-10-16 11:07:14,552 [WARNING] django.request: Not Found: /.env_old
2025-10-16 11:07:14,716 [WARNING] django.request: Not Found: /.env_old
2025-10-16 11:07:14,716 [WARNING] django.request: Not Found: /.env_old
2025-10-16 11:07:14,799 [WARNING] django.request: Not Found: /.env.docker
2025-10-16 11:07:14,799 [WARNING] django.request: Not Found: /.env.docker
2025-10-16 11:07:14,961 [WARNING] django.request: Not Found: /.env.docker
2025-10-16 11:07:14,961 [WARNING] django.request: Not Found: /.env.docker
2025-10-16 11:07:15,456 [WARNING] django.request: Not Found: /tools/.env
2025-10-16 11:07:15,456 [WARNING] django.request: Not Found: /tools/.env
2025-10-16 11:07:15,618 [WARNING] django.request: Not Found: /tools/.env
2025-10-16 11:07:15,618 [WARNING] django.request: Not Found: /tools/.env
2025-10-16 11:07:15,700 [WARNING] django.request: Not Found: /apps/.env
2025-10-16 11:07:15,700 [WARNING] django.request: Not Found: /apps/.env
2025-10-16 11:07:15,861 [WARNING] django.request: Not Found: /apps/.env
2025-10-16 11:07:15,861 [WARNING] django.request: Not Found: /apps/.env
2025-10-16 11:07:15,944 [WARNING] django.request: Not Found: /web/.env
2025-10-16 11:07:15,944 [WARNING] django.request: Not Found: /web/.env
2025-10-16 11:07:16,105 [WARNING] django.request: Not Found: /web/.env
2025-10-16 11:07:16,105 [WARNING] django.request: Not Found: /web/.env
2025-10-16 11:07:16,187 [WARNING] django.request: Not Found: /v2/.env
2025-10-16 11:07:16,187 [WARNING] django.request: Not Found: /v2/.env
2025-10-16 11:07:16,347 [WARNING] django.request: Not Found: /v2/.env
2025-10-16 11:07:16,347 [WARNING] django.request: Not Found: /v2/.env
2025-10-16 11:07:16,429 [WARNING] django.request: Not Found: /sitemaps/.env
2025-10-16 11:07:16,429 [WARNING] django.request: Not Found: /sitemaps/.env
2025-10-16 11:07:16,590 [WARNING] django.request: Not Found: /sitemaps/.env
2025-10-16 11:07:16,590 [WARNING] django.request: Not Found: /sitemaps/.env
2025-10-16 11:07:16,674 [WARNING] django.request: Not Found: /.environment
2025-10-16 11:07:16,674 [WARNING] django.request: Not Found: /.environment
2025-10-16 11:07:16,834 [WARNING] django.request: Not Found: /.environment
2025-10-16 11:07:16,834 [WARNING] django.request: Not Found: /.environment
2025-10-16 11:07:16,917 [WARNING] django.request: Not Found: /.env.project
2025-10-16 11:07:16,917 [WARNING] django.request: Not Found: /.env.project
2025-10-16 11:07:17,077 [WARNING] django.request: Not Found: /.env.project
2025-10-16 11:07:17,077 [WARNING] django.request: Not Found: /.env.project
2025-10-16 11:07:17,159 [WARNING] django.request: Not Found: /application/.env
2025-10-16 11:07:17,159 [WARNING] django.request: Not Found: /application/.env
2025-10-16 11:07:17,319 [WARNING] django.request: Not Found: /application/.env
2025-10-16 11:07:17,319 [WARNING] django.request: Not Found: /application/.env
2025-10-16 11:07:17,401 [WARNING] django.request: Not Found: /.database.env
2025-10-16 11:07:17,401 [WARNING] django.request: Not Found: /.database.env
2025-10-16 11:07:17,563 [WARNING] django.request: Not Found: /.database.env
2025-10-16 11:07:17,563 [WARNING] django.request: Not Found: /.database.env
2025-10-16 11:07:17,645 [WARNING] django.request: Not Found: /API/.env
2025-10-16 11:07:17,645 [WARNING] django.request: Not Found: /API/.env
2025-10-16 11:07:17,805 [WARNING] django.request: Not Found: /API/.env
2025-10-16 11:07:17,805 [WARNING] django.request: Not Found: /API/.env
2025-10-16 11:07:17,889 [WARNING] django.request: Not Found: /.env.remote
2025-10-16 11:07:17,889 [WARNING] django.request: Not Found: /.env.remote
2025-10-16 11:07:18,049 [WARNING] django.request: Not Found: /.env.remote
2025-10-16 11:07:18,049 [WARNING] django.request: Not Found: /.env.remote
2025-10-16 11:07:18,132 [WARNING] django.request: Not Found: /exapi/.env
2025-10-16 11:07:18,132 [WARNING] django.request: Not Found: /exapi/.env
2025-10-16 11:07:18,292 [WARNING] django.request: Not Found: /exapi/.env
2025-10-16 11:07:18,292 [WARNING] django.request: Not Found: /exapi/.env
2025-10-16 11:07:18,375 [WARNING] django.request: Not Found: /site/.env
2025-10-16 11:07:18,375 [WARNING] django.request: Not Found: /site/.env
2025-10-16 11:07:18,534 [WARNING] django.request: Not Found: /site/.env
2025-10-16 11:07:18,534 [WARNING] django.request: Not Found: /site/.env
2025-10-16 11:07:18,617 [WARNING] django.request: Not Found: /.env.postgres
2025-10-16 11:07:18,617 [WARNING] django.request: Not Found: /.env.postgres
2025-10-16 11:07:18,777 [WARNING] django.request: Not Found: /.env.postgres
2025-10-16 11:07:18,777 [WARNING] django.request: Not Found: /.env.postgres
2025-10-16 11:07:18,859 [WARNING] django.request: Not Found: /.env.www
2025-10-16 11:07:18,859 [WARNING] django.request: Not Found: /.env.www
2025-10-16 11:07:19,021 [WARNING] django.request: Not Found: /.env.www
2025-10-16 11:07:19,021 [WARNING] django.request: Not Found: /.env.www
2025-10-16 11:07:19,103 [WARNING] django.request: Not Found: /.env-
2025-10-16 11:07:19,103 [WARNING] django.request: Not Found: /.env-
2025-10-16 11:07:19,262 [WARNING] django.request: Not Found: /.env-
2025-10-16 11:07:19,262 [WARNING] django.request: Not Found: /.env-
2025-10-16 11:07:19,346 [WARNING] django.request: Not Found: /public/.env.example
2025-10-16 11:07:19,346 [WARNING] django.request: Not Found: /public/.env.example
2025-10-16 11:07:19,506 [WARNING] django.request: Not Found: /public/.env.example
2025-10-16 11:07:19,506 [WARNING] django.request: Not Found: /public/.env.example
2025-10-16 11:07:19,590 [WARNING] django.request: Not Found: /v1/.env
2025-10-16 11:07:19,590 [WARNING] django.request: Not Found: /v1/.env
2025-10-16 11:07:19,750 [WARNING] django.request: Not Found: /v1/.env
2025-10-16 11:07:19,750 [WARNING] django.request: Not Found: /v1/.env
2025-10-16 11:07:19,833 [WARNING] django.request: Not Found: /web/.env.example
2025-10-16 11:07:19,833 [WARNING] django.request: Not Found: /web/.env.example
2025-10-16 11:07:19,993 [WARNING] django.request: Not Found: /web/.env.example
2025-10-16 11:07:19,993 [WARNING] django.request: Not Found: /web/.env.example
2025-10-16 11:07:20,075 [WARNING] django.request: Not Found: /.env.example.1
2025-10-16 11:07:20,075 [WARNING] django.request: Not Found: /.env.example.1
2025-10-16 11:07:20,235 [WARNING] django.request: Not Found: /.env.example.1
2025-10-16 11:07:20,235 [WARNING] django.request: Not Found: /.env.example.1
2025-10-16 11:07:20,317 [WARNING] django.request: Not Found: /upload/.env
2025-10-16 11:07:20,317 [WARNING] django.request: Not Found: /upload/.env
2025-10-16 11:07:20,477 [WARNING] django.request: Not Found: /upload/.env
2025-10-16 11:07:20,477 [WARNING] django.request: Not Found: /upload/.env
2025-10-16 11:07:20,560 [WARNING] django.request: Not Found: /.env.elastic
2025-10-16 11:07:20,560 [WARNING] django.request: Not Found: /.env.elastic
2025-10-16 11:07:20,720 [WARNING] django.request: Not Found: /.env.elastic
2025-10-16 11:07:20,720 [WARNING] django.request: Not Found: /.env.elastic
2025-10-16 11:07:20,802 [WARNING] django.request: Not Found: /.env.db
2025-10-16 11:07:20,802 [WARNING] django.request: Not Found: /.env.db
2025-10-16 11:07:20,962 [WARNING] django.request: Not Found: /.env.db
2025-10-16 11:07:20,962 [WARNING] django.request: Not Found: /.env.db
2025-10-16 11:07:21,045 [WARNING] django.request: Not Found: /uploads/.env
2025-10-16 11:07:21,045 [WARNING] django.request: Not Found: /uploads/.env
2025-10-16 11:07:21,205 [WARNING] django.request: Not Found: /uploads/.env
2025-10-16 11:07:21,205 [WARNING] django.request: Not Found: /uploads/.env
2025-10-16 11:07:21,287 [WARNING] django.request: Not Found: /api2/.env
2025-10-16 11:07:21,287 [WARNING] django.request: Not Found: /api2/.env
2025-10-16 11:07:21,447 [WARNING] django.request: Not Found: /api2/.env
2025-10-16 11:07:21,447 [WARNING] django.request: Not Found: /api2/.env
2025-10-16 11:07:21,529 [WARNING] django.request: Not Found: /api/.env.example
2025-10-16 11:07:21,529 [WARNING] django.request: Not Found: /api/.env.example
2025-10-16 11:07:21,688 [WARNING] django.request: Not Found: /api/.env.example
2025-10-16 11:07:21,688 [WARNING] django.request: Not Found: /api/.env.example
2025-10-16 11:07:21,771 [WARNING] django.request: Not Found: /psnlink/.env
2025-10-16 11:07:21,771 [WARNING] django.request: Not Found: /psnlink/.env
2025-10-16 11:07:21,930 [WARNING] django.request: Not Found: /psnlink/.env
2025-10-16 11:07:21,930 [WARNING] django.request: Not Found: /psnlink/.env
2025-10-16 11:07:22,016 [WARNING] django.request: Not Found: /main/.env
2025-10-16 11:07:22,016 [WARNING] django.request: Not Found: /main/.env
2025-10-16 11:07:22,176 [WARNING] django.request: Not Found: /main/.env
2025-10-16 11:07:22,176 [WARNING] django.request: Not Found: /main/.env
2025-10-16 11:07:22,258 [WARNING] django.request: Not Found: /test/.env
2025-10-16 11:07:22,258 [WARNING] django.request: Not Found: /test/.env
2025-10-16 11:07:22,426 [WARNING] django.request: Not Found: /test/.env
2025-10-16 11:07:22,426 [WARNING] django.request: Not Found: /test/.env
2025-10-16 11:07:22,508 [WARNING] django.request: Not Found: /log/.env
2025-10-16 11:07:22,508 [WARNING] django.request: Not Found: /log/.env
2025-10-16 11:07:22,668 [WARNING] django.request: Not Found: /log/.env
2025-10-16 11:07:22,668 [WARNING] django.request: Not Found: /log/.env
2025-10-16 11:07:22,750 [WARNING] django.request: Not Found: /.svn/text-base/.env
2025-10-16 11:07:22,750 [WARNING] django.request: Not Found: /.svn/text-base/.env
2025-10-16 11:07:22,910 [WARNING] django.request: Not Found: /.svn/text-base/.env
2025-10-16 11:07:22,910 [WARNING] django.request: Not Found: /.svn/text-base/.env
2025-10-16 11:07:22,992 [WARNING] django.request: Not Found: /tests/.env
2025-10-16 11:07:22,992 [WARNING] django.request: Not Found: /tests/.env
2025-10-16 11:07:23,152 [WARNING] django.request: Not Found: /tests/.env
2025-10-16 11:07:23,152 [WARNING] django.request: Not Found: /tests/.env
2025-10-16 11:07:23,234 [WARNING] django.request: Not Found: /administrator/.env
2025-10-16 11:07:23,234 [WARNING] django.request: Not Found: /administrator/.env
2025-10-16 11:07:23,395 [WARNING] django.request: Not Found: /administrator/.env
2025-10-16 11:07:23,395 [WARNING] django.request: Not Found: /administrator/.env
2025-10-16 11:07:23,477 [WARNING] django.request: Not Found: /en/.env
2025-10-16 11:07:23,477 [WARNING] django.request: Not Found: /en/.env
2025-10-16 11:07:23,636 [WARNING] django.request: Not Found: /en/.env
2025-10-16 11:07:23,636 [WARNING] django.request: Not Found: /en/.env
2025-10-16 11:07:23,719 [WARNING] django.request: Not Found: /es/.env
2025-10-16 11:07:23,719 [WARNING] django.request: Not Found: /es/.env
2025-10-16 11:07:23,878 [WARNING] django.request: Not Found: /es/.env
2025-10-16 11:07:23,878 [WARNING] django.request: Not Found: /es/.env
2025-10-16 11:07:23,979 [WARNING] django.request: Not Found: /.saas/.env
2025-10-16 11:07:23,979 [WARNING] django.request: Not Found: /.saas/.env
2025-10-16 11:07:24,138 [WARNING] django.request: Not Found: /.saas/.env
2025-10-16 11:07:24,138 [WARNING] django.request: Not Found: /.saas/.env
2025-10-16 11:07:24,221 [WARNING] django.request: Not Found: /laravel/.env.local
2025-10-16 11:07:24,221 [WARNING] django.request: Not Found: /laravel/.env.local
2025-10-16 11:07:24,382 [WARNING] django.request: Not Found: /laravel/.env.local
2025-10-16 11:07:24,382 [WARNING] django.request: Not Found: /laravel/.env.local
2025-10-16 11:07:24,466 [WARNING] django.request: Not Found: /phpinfo.php
2025-10-16 11:07:24,466 [WARNING] django.request: Not Found: /phpinfo.php
2025-10-16 11:07:24,625 [WARNING] django.request: Not Found: /phpinfo.php
2025-10-16 11:07:24,625 [WARNING] django.request: Not Found: /phpinfo.php
2025-10-16 11:07:24,707 [WARNING] django.request: Not Found: /phpinfo.php
2025-10-16 11:07:24,707 [WARNING] django.request: Not Found: /phpinfo.php
2025-10-16 11:07:24,867 [WARNING] django.request: Not Found: /phpinfo.php
2025-10-16 11:07:24,867 [WARNING] django.request: Not Found: /phpinfo.php
2025-10-16 11:07:24,949 [WARNING] django.request: Not Found: /info.php
2025-10-16 11:07:24,949 [WARNING] django.request: Not Found: /info.php
2025-10-16 11:07:25,110 [WARNING] django.request: Not Found: /info.php
2025-10-16 11:07:25,110 [WARNING] django.request: Not Found: /info.php
2025-10-16 11:07:25,192 [WARNING] django.request: Not Found: /info.php
2025-10-16 11:07:25,192 [WARNING] django.request: Not Found: /info.php
2025-10-16 11:07:25,351 [WARNING] django.request: Not Found: /info.php
2025-10-16 11:07:25,351 [WARNING] django.request: Not Found: /info.php
2025-10-16 11:07:25,434 [WARNING] django.request: Not Found: /test.php
2025-10-16 11:07:25,434 [WARNING] django.request: Not Found: /test.php
2025-10-16 11:07:25,593 [WARNING] django.request: Not Found: /test.php
2025-10-16 11:07:25,593 [WARNING] django.request: Not Found: /test.php
2025-10-16 11:07:25,675 [WARNING] django.request: Not Found: /test.php
2025-10-16 11:07:25,675 [WARNING] django.request: Not Found: /test.php
2025-10-16 11:07:25,839 [WARNING] django.request: Not Found: /test.php
2025-10-16 11:07:25,839 [WARNING] django.request: Not Found: /test.php
2025-10-16 11:07:25,922 [WARNING] django.request: Not Found: /php.php
2025-10-16 11:07:25,922 [WARNING] django.request: Not Found: /php.php
2025-10-16 11:07:26,081 [WARNING] django.request: Not Found: /php.php
2025-10-16 11:07:26,081 [WARNING] django.request: Not Found: /php.php
2025-10-16 11:07:26,166 [WARNING] django.request: Not Found: /php.php
2025-10-16 11:07:26,166 [WARNING] django.request: Not Found: /php.php
2025-10-16 11:07:26,326 [WARNING] django.request: Not Found: /php.php
2025-10-16 11:07:26,326 [WARNING] django.request: Not Found: /php.php
2025-10-16 11:07:26,411 [WARNING] django.request: Not Found: /i.php
2025-10-16 11:07:26,411 [WARNING] django.request: Not Found: /i.php
2025-10-16 11:07:26,572 [WARNING] django.request: Not Found: /i.php
2025-10-16 11:07:26,572 [WARNING] django.request: Not Found: /i.php
2025-10-16 11:07:26,654 [WARNING] django.request: Not Found: /i.php
2025-10-16 11:07:26,654 [WARNING] django.request: Not Found: /i.php
2025-10-16 11:07:26,814 [WARNING] django.request: Not Found: /i.php
2025-10-16 11:07:26,814 [WARNING] django.request: Not Found: /i.php
2025-10-16 11:07:26,897 [WARNING] django.request: Not Found: /env.js
2025-10-16 11:07:26,897 [WARNING] django.request: Not Found: /env.js
2025-10-16 11:07:27,057 [WARNING] django.request: Not Found: /env.js
2025-10-16 11:07:27,057 [WARNING] django.request: Not Found: /env.js
2025-10-16 11:07:27,140 [WARNING] django.request: Not Found: /env.js
2025-10-16 11:07:27,140 [WARNING] django.request: Not Found: /env.js
2025-10-16 11:07:27,299 [WARNING] django.request: Not Found: /env.js
2025-10-16 11:07:27,299 [WARNING] django.request: Not Found: /env.js
2025-10-16 11:07:27,381 [WARNING] django.request: Not Found: /env.json
2025-10-16 11:07:27,381 [WARNING] django.request: Not Found: /env.json
2025-10-16 11:07:27,541 [WARNING] django.request: Not Found: /env.json
2025-10-16 11:07:27,541 [WARNING] django.request: Not Found: /env.json
2025-10-16 11:07:27,625 [WARNING] django.request: Not Found: /env.json
2025-10-16 11:07:27,625 [WARNING] django.request: Not Found: /env.json
2025-10-16 11:07:27,785 [WARNING] django.request: Not Found: /env.json
2025-10-16 11:07:27,785 [WARNING] django.request: Not Found: /env.json
2025-10-16 11:07:27,871 [WARNING] django.request: Not Found: /env.yaml
2025-10-16 11:07:27,871 [WARNING] django.request: Not Found: /env.yaml
2025-10-16 11:07:28,032 [WARNING] django.request: Not Found: /env.yaml
2025-10-16 11:07:28,032 [WARNING] django.request: Not Found: /env.yaml
2025-10-16 11:07:28,114 [WARNING] django.request: Not Found: /env.yaml
2025-10-16 11:07:28,114 [WARNING] django.request: Not Found: /env.yaml
2025-10-16 11:07:28,274 [WARNING] django.request: Not Found: /env.yaml
2025-10-16 11:07:28,274 [WARNING] django.request: Not Found: /env.yaml
2025-10-16 11:07:28,357 [WARNING] django.request: Not Found: /env.yml
2025-10-16 11:07:28,357 [WARNING] django.request: Not Found: /env.yml
2025-10-16 11:07:28,517 [WARNING] django.request: Not Found: /env.yml
2025-10-16 11:07:28,517 [WARNING] django.request: Not Found: /env.yml
2025-10-16 11:07:28,599 [WARNING] django.request: Not Found: /env.yml
2025-10-16 11:07:28,599 [WARNING] django.request: Not Found: /env.yml
2025-10-16 11:07:28,759 [WARNING] django.request: Not Found: /env.yml
2025-10-16 11:07:28,759 [WARNING] django.request: Not Found: /env.yml
2025-10-16 11:07:28,841 [WARNING] django.request: Not Found: /.envrc
2025-10-16 11:07:28,841 [WARNING] django.request: Not Found: /.envrc
2025-10-16 11:07:29,001 [WARNING] django.request: Not Found: /.envrc
2025-10-16 11:07:29,001 [WARNING] django.request: Not Found: /.envrc
2025-10-16 11:07:29,083 [WARNING] django.request: Not Found: /.envrc
2025-10-16 11:07:29,083 [WARNING] django.request: Not Found: /.envrc
2025-10-16 11:07:29,245 [WARNING] django.request: Not Found: /.envrc
2025-10-16 11:07:29,245 [WARNING] django.request: Not Found: /.envrc
2025-10-16 11:07:29,328 [WARNING] django.request: Not Found: /.env.local.php
2025-10-16 11:07:29,328 [WARNING] django.request: Not Found: /.env.local.php
2025-10-16 11:07:29,488 [WARNING] django.request: Not Found: /.env.local.php
2025-10-16 11:07:29,488 [WARNING] django.request: Not Found: /.env.local.php
2025-10-16 11:07:29,570 [WARNING] django.request: Not Found: /.env.local.php
2025-10-16 11:07:29,570 [WARNING] django.request: Not Found: /.env.local.php
2025-10-16 11:07:29,731 [WARNING] django.request: Not Found: /.env.local.php
2025-10-16 11:07:29,731 [WARNING] django.request: Not Found: /.env.local.php
2025-10-16 11:07:29,813 [WARNING] django.request: Not Found: /asdf.php
2025-10-16 11:07:29,813 [WARNING] django.request: Not Found: /asdf.php
2025-10-16 11:07:29,974 [WARNING] django.request: Not Found: /asdf.php
2025-10-16 11:07:29,974 [WARNING] django.request: Not Found: /asdf.php
2025-10-16 11:07:30,058 [WARNING] django.request: Not Found: /asdf.php
2025-10-16 11:07:30,058 [WARNING] django.request: Not Found: /asdf.php
2025-10-16 11:07:30,218 [WARNING] django.request: Not Found: /asdf.php
2025-10-16 11:07:30,218 [WARNING] django.request: Not Found: /asdf.php
2025-10-16 11:07:30,303 [WARNING] django.request: Not Found: /pinfo.php
2025-10-16 11:07:30,303 [WARNING] django.request: Not Found: /pinfo.php
2025-10-16 11:07:30,463 [WARNING] django.request: Not Found: /pinfo.php
2025-10-16 11:07:30,463 [WARNING] django.request: Not Found: /pinfo.php
2025-10-16 11:07:30,545 [WARNING] django.request: Not Found: /pinfo.php
2025-10-16 11:07:30,545 [WARNING] django.request: Not Found: /pinfo.php
2025-10-16 11:07:30,706 [WARNING] django.request: Not Found: /pinfo.php
2025-10-16 11:07:30,706 [WARNING] django.request: Not Found: /pinfo.php
2025-10-16 11:07:30,790 [WARNING] django.request: Not Found: /phpinfo.html
2025-10-16 11:07:30,790 [WARNING] django.request: Not Found: /phpinfo.html
2025-10-16 11:07:30,950 [WARNING] django.request: Not Found: /phpinfo.html
2025-10-16 11:07:30,950 [WARNING] django.request: Not Found: /phpinfo.html
2025-10-16 11:07:31,033 [WARNING] django.request: Not Found: /phpinfo.html
2025-10-16 11:07:31,033 [WARNING] django.request: Not Found: /phpinfo.html
2025-10-16 11:07:31,197 [WARNING] django.request: Not Found: /phpinfo.html
2025-10-16 11:07:31,197 [WARNING] django.request: Not Found: /phpinfo.html
2025-10-16 11:07:31,280 [WARNING] django.request: Not Found: /ses.php
2025-10-16 11:07:31,280 [WARNING] django.request: Not Found: /ses.php
2025-10-16 11:07:31,439 [WARNING] django.request: Not Found: /ses.php
2025-10-16 11:07:31,439 [WARNING] django.request: Not Found: /ses.php
2025-10-16 11:07:31,521 [WARNING] django.request: Not Found: /ses.php
2025-10-16 11:07:31,521 [WARNING] django.request: Not Found: /ses.php
2025-10-16 11:07:31,690 [WARNING] django.request: Not Found: /ses.php
2025-10-16 11:07:31,690 [WARNING] django.request: Not Found: /ses.php
2025-10-16 11:07:31,774 [WARNING] django.request: Not Found: /karma.conf.json
2025-10-16 11:07:31,774 [WARNING] django.request: Not Found: /karma.conf.json
2025-10-16 11:07:31,934 [WARNING] django.request: Not Found: /karma.conf.json
2025-10-16 11:07:31,934 [WARNING] django.request: Not Found: /karma.conf.json
2025-10-16 11:07:32,016 [WARNING] django.request: Not Found: /karma.conf.json
2025-10-16 11:07:32,016 [WARNING] django.request: Not Found: /karma.conf.json
2025-10-16 11:07:32,176 [WARNING] django.request: Not Found: /karma.conf.json
2025-10-16 11:07:32,176 [WARNING] django.request: Not Found: /karma.conf.json
2025-10-16 11:07:32,259 [WARNING] django.request: Not Found: /info
2025-10-16 11:07:32,259 [WARNING] django.request: Not Found: /info
2025-10-16 11:07:32,422 [WARNING] django.request: Not Found: /info
2025-10-16 11:07:32,422 [WARNING] django.request: Not Found: /info
2025-10-16 11:07:32,507 [WARNING] django.request: Not Found: /info
2025-10-16 11:07:32,507 [WARNING] django.request: Not Found: /info
2025-10-16 11:07:32,667 [WARNING] django.request: Not Found: /info
2025-10-16 11:07:32,667 [WARNING] django.request: Not Found: /info
2025-10-16 11:07:32,753 [WARNING] django.request: Not Found: /index.php
2025-10-16 11:07:32,753 [WARNING] django.request: Not Found: /index.php
2025-10-16 11:07:32,915 [WARNING] django.request: Not Found: /index.php
2025-10-16 11:07:32,915 [WARNING] django.request: Not Found: /index.php
2025-10-16 11:07:32,997 [WARNING] django.request: Not Found: /index.php
2025-10-16 11:07:32,997 [WARNING] django.request: Not Found: /index.php
2025-10-16 11:07:33,157 [WARNING] django.request: Not Found: /index.php
2025-10-16 11:07:33,157 [WARNING] django.request: Not Found: /index.php
2025-10-16 11:07:33,240 [WARNING] django.request: Not Found: /infophp.php
2025-10-16 11:07:33,240 [WARNING] django.request: Not Found: /infophp.php
2025-10-16 11:07:33,401 [WARNING] django.request: Not Found: /infophp.php
2025-10-16 11:07:33,401 [WARNING] django.request: Not Found: /infophp.php
2025-10-16 11:07:33,483 [WARNING] django.request: Not Found: /infophp.php
2025-10-16 11:07:33,483 [WARNING] django.request: Not Found: /infophp.php
2025-10-16 11:07:33,649 [WARNING] django.request: Not Found: /infophp.php
2025-10-16 11:07:33,649 [WARNING] django.request: Not Found: /infophp.php
2025-10-16 11:07:33,731 [WARNING] django.request: Not Found: /php_info.php
2025-10-16 11:07:33,731 [WARNING] django.request: Not Found: /php_info.php
2025-10-16 11:07:33,891 [WARNING] django.request: Not Found: /php_info.php
2025-10-16 11:07:33,891 [WARNING] django.request: Not Found: /php_info.php
2025-10-16 11:07:33,977 [WARNING] django.request: Not Found: /php_info.php
2025-10-16 11:07:33,977 [WARNING] django.request: Not Found: /php_info.php
2025-10-16 11:07:34,140 [WARNING] django.request: Not Found: /php_info.php
2025-10-16 11:07:34,140 [WARNING] django.request: Not Found: /php_info.php
2025-10-16 11:07:34,225 [WARNING] django.request: Not Found: /wp-config.php
2025-10-16 11:07:34,225 [WARNING] django.request: Not Found: /wp-config.php
2025-10-16 11:07:34,385 [WARNING] django.request: Not Found: /wp-config.php
2025-10-16 11:07:34,385 [WARNING] django.request: Not Found: /wp-config.php
2025-10-16 11:07:34,468 [WARNING] django.request: Not Found: /wp-config.php
2025-10-16 11:07:34,468 [WARNING] django.request: Not Found: /wp-config.php
2025-10-16 11:07:34,638 [WARNING] django.request: Not Found: /wp-config.php
2025-10-16 11:07:34,638 [WARNING] django.request: Not Found: /wp-config.php
2025-10-16 11:07:34,720 [WARNING] django.request: Not Found: /wp-config.php.bak
2025-10-16 11:07:34,720 [WARNING] django.request: Not Found: /wp-config.php.bak
2025-10-16 11:07:34,882 [WARNING] django.request: Not Found: /wp-config.php.bak
2025-10-16 11:07:34,882 [WARNING] django.request: Not Found: /wp-config.php.bak
2025-10-16 11:07:34,965 [WARNING] django.request: Not Found: /wp-config.php.bak
2025-10-16 11:07:34,965 [WARNING] django.request: Not Found: /wp-config.php.bak
2025-10-16 11:07:35,129 [WARNING] django.request: Not Found: /wp-config.php.bak
2025-10-16 11:07:35,129 [WARNING] django.request: Not Found: /wp-config.php.bak
2025-10-16 11:07:35,214 [WARNING] django.request: Not Found: /wp-config.php.old
2025-10-16 11:07:35,214 [WARNING] django.request: Not Found: /wp-config.php.old
2025-10-16 11:07:35,375 [WARNING] django.request: Not Found: /wp-config.php.old
2025-10-16 11:07:35,375 [WARNING] django.request: Not Found: /wp-config.php.old
2025-10-16 11:07:35,457 [WARNING] django.request: Not Found: /wp-config.php.old
2025-10-16 11:07:35,457 [WARNING] django.request: Not Found: /wp-config.php.old
2025-10-16 11:07:35,624 [WARNING] django.request: Not Found: /wp-config.php.old
2025-10-16 11:07:35,624 [WARNING] django.request: Not Found: /wp-config.php.old
2025-10-16 11:07:35,706 [WARNING] django.request: Not Found: /wp-config.php.save
2025-10-16 11:07:35,706 [WARNING] django.request: Not Found: /wp-config.php.save
2025-10-16 11:07:35,865 [WARNING] django.request: Not Found: /wp-config.php.save
2025-10-16 11:07:35,865 [WARNING] django.request: Not Found: /wp-config.php.save
2025-10-16 11:07:35,947 [WARNING] django.request: Not Found: /wp-config.php.save
2025-10-16 11:07:35,947 [WARNING] django.request: Not Found: /wp-config.php.save
2025-10-16 11:07:36,109 [WARNING] django.request: Not Found: /wp-config.php.save
2025-10-16 11:07:36,109 [WARNING] django.request: Not Found: /wp-config.php.save
2025-10-16 11:07:36,191 [WARNING] django.request: Not Found: /wp-config.php.txt
2025-10-16 11:07:36,191 [WARNING] django.request: Not Found: /wp-config.php.txt
2025-10-16 11:07:36,351 [WARNING] django.request: Not Found: /wp-config.php.txt
2025-10-16 11:07:36,351 [WARNING] django.request: Not Found: /wp-config.php.txt
2025-10-16 11:07:36,433 [WARNING] django.request: Not Found: /wp-config.php.txt
2025-10-16 11:07:36,433 [WARNING] django.request: Not Found: /wp-config.php.txt
2025-10-16 11:07:36,598 [WARNING] django.request: Not Found: /wp-config.php.txt
2025-10-16 11:07:36,598 [WARNING] django.request: Not Found: /wp-config.php.txt
2025-10-16 11:07:36,686 [WARNING] django.request: Not Found: /wp-config.bak
2025-10-16 11:07:36,686 [WARNING] django.request: Not Found: /wp-config.bak
2025-10-16 11:07:36,847 [WARNING] django.request: Not Found: /wp-config.bak
2025-10-16 11:07:36,847 [WARNING] django.request: Not Found: /wp-config.bak
2025-10-16 11:07:36,931 [WARNING] django.request: Not Found: /wp-config.bak
2025-10-16 11:07:36,931 [WARNING] django.request: Not Found: /wp-config.bak
2025-10-16 11:07:37,092 [WARNING] django.request: Not Found: /wp-config.bak
2025-10-16 11:07:37,092 [WARNING] django.request: Not Found: /wp-config.bak
2025-10-16 11:07:37,174 [WARNING] django.request: Not Found: /wp-config.old
2025-10-16 11:07:37,174 [WARNING] django.request: Not Found: /wp-config.old
2025-10-16 11:07:37,336 [WARNING] django.request: Not Found: /wp-config.old
2025-10-16 11:07:37,336 [WARNING] django.request: Not Found: /wp-config.old
2025-10-16 11:07:37,418 [WARNING] django.request: Not Found: /wp-config.old
2025-10-16 11:07:37,418 [WARNING] django.request: Not Found: /wp-config.old
2025-10-16 11:07:37,581 [WARNING] django.request: Not Found: /wp-config.old
2025-10-16 11:07:37,581 [WARNING] django.request: Not Found: /wp-config.old
2025-10-16 11:07:37,663 [WARNING] django.request: Not Found: /wp-config.txt
2025-10-16 11:07:37,663 [WARNING] django.request: Not Found: /wp-config.txt
2025-10-16 11:07:37,823 [WARNING] django.request: Not Found: /wp-config.txt
2025-10-16 11:07:37,823 [WARNING] django.request: Not Found: /wp-config.txt
2025-10-16 11:07:37,907 [WARNING] django.request: Not Found: /wp-config.txt
2025-10-16 11:07:37,907 [WARNING] django.request: Not Found: /wp-config.txt
2025-10-16 11:07:38,067 [WARNING] django.request: Not Found: /wp-config.txt
2025-10-16 11:07:38,067 [WARNING] django.request: Not Found: /wp-config.txt
2025-10-16 11:07:38,149 [WARNING] django.request: Not Found: /application.properties
2025-10-16 11:07:38,149 [WARNING] django.request: Not Found: /application.properties
2025-10-16 11:07:38,314 [WARNING] django.request: Not Found: /application.properties
2025-10-16 11:07:38,314 [WARNING] django.request: Not Found: /application.properties
2025-10-16 11:07:38,396 [WARNING] django.request: Not Found: /application.properties
2025-10-16 11:07:38,396 [WARNING] django.request: Not Found: /application.properties
2025-10-16 11:07:38,560 [WARNING] django.request: Not Found: /application.properties
2025-10-16 11:07:38,560 [WARNING] django.request: Not Found: /application.properties
2025-10-16 11:07:38,642 [WARNING] django.request: Not Found: /main.js
2025-10-16 11:07:38,642 [WARNING] django.request: Not Found: /main.js
2025-10-16 11:07:38,813 [WARNING] django.request: Not Found: /main.js
2025-10-16 11:07:38,813 [WARNING] django.request: Not Found: /main.js
2025-10-16 11:07:38,895 [WARNING] django.request: Not Found: /main.js
2025-10-16 11:07:38,895 [WARNING] django.request: Not Found: /main.js
2025-10-16 11:07:39,060 [WARNING] django.request: Not Found: /main.js
2025-10-16 11:07:39,060 [WARNING] django.request: Not Found: /main.js
2025-10-16 11:07:39,145 [WARNING] django.request: Not Found: /config.properties
2025-10-16 11:07:39,145 [WARNING] django.request: Not Found: /config.properties
2025-10-16 11:07:39,308 [WARNING] django.request: Not Found: /config.properties
2025-10-16 11:07:39,308 [WARNING] django.request: Not Found: /config.properties
2025-10-16 11:07:39,390 [WARNING] django.request: Not Found: /config.properties
2025-10-16 11:07:39,390 [WARNING] django.request: Not Found: /config.properties
2025-10-16 11:07:39,553 [WARNING] django.request: Not Found: /config.properties
2025-10-16 11:07:39,553 [WARNING] django.request: Not Found: /config.properties
2025-10-16 11:07:39,635 [WARNING] django.request: Not Found: /database.properties
2025-10-16 11:07:39,635 [WARNING] django.request: Not Found: /database.properties
2025-10-16 11:07:39,796 [WARNING] django.request: Not Found: /database.properties
2025-10-16 11:07:39,796 [WARNING] django.request: Not Found: /database.properties
2025-10-16 11:07:39,878 [WARNING] django.request: Not Found: /database.properties
2025-10-16 11:07:39,878 [WARNING] django.request: Not Found: /database.properties
2025-10-16 11:07:40,038 [WARNING] django.request: Not Found: /database.properties
2025-10-16 11:07:40,038 [WARNING] django.request: Not Found: /database.properties
2025-10-16 11:07:40,126 [WARNING] django.request: Not Found: /jdbc.properties
2025-10-16 11:07:40,126 [WARNING] django.request: Not Found: /jdbc.properties
2025-10-16 11:07:40,286 [WARNING] django.request: Not Found: /jdbc.properties
2025-10-16 11:07:40,286 [WARNING] django.request: Not Found: /jdbc.properties
2025-10-16 11:07:40,368 [WARNING] django.request: Not Found: /jdbc.properties
2025-10-16 11:07:40,368 [WARNING] django.request: Not Found: /jdbc.properties
2025-10-16 11:07:40,534 [WARNING] django.request: Not Found: /jdbc.properties
2025-10-16 11:07:40,534 [WARNING] django.request: Not Found: /jdbc.properties
2025-10-16 11:07:40,617 [WARNING] django.request: Not Found: /db.properties
2025-10-16 11:07:40,617 [WARNING] django.request: Not Found: /db.properties
2025-10-16 11:07:40,777 [WARNING] django.request: Not Found: /db.properties
2025-10-16 11:07:40,777 [WARNING] django.request: Not Found: /db.properties
2025-10-16 11:07:40,860 [WARNING] django.request: Not Found: /db.properties
2025-10-16 11:07:40,860 [WARNING] django.request: Not Found: /db.properties
2025-10-16 11:07:41,019 [WARNING] django.request: Not Found: /db.properties
2025-10-16 11:07:41,019 [WARNING] django.request: Not Found: /db.properties
2025-10-16 11:07:41,108 [WARNING] django.request: Not Found: /app.properties
2025-10-16 11:07:41,108 [WARNING] django.request: Not Found: /app.properties
2025-10-16 11:07:41,268 [WARNING] django.request: Not Found: /app.properties
2025-10-16 11:07:41,268 [WARNING] django.request: Not Found: /app.properties
2025-10-16 11:07:41,357 [WARNING] django.request: Not Found: /app.properties
2025-10-16 11:07:41,357 [WARNING] django.request: Not Found: /app.properties
2025-10-16 11:07:41,518 [WARNING] django.request: Not Found: /app.properties
2025-10-16 11:07:41,518 [WARNING] django.request: Not Found: /app.properties
2025-10-16 11:07:41,601 [WARNING] django.request: Not Found: /settings.properties
2025-10-16 11:07:41,601 [WARNING] django.request: Not Found: /settings.properties
2025-10-16 11:07:41,765 [WARNING] django.request: Not Found: /settings.properties
2025-10-16 11:07:41,765 [WARNING] django.request: Not Found: /settings.properties
2025-10-16 11:07:41,847 [WARNING] django.request: Not Found: /settings.properties
2025-10-16 11:07:41,847 [WARNING] django.request: Not Found: /settings.properties
2025-10-16 11:07:42,008 [WARNING] django.request: Not Found: /settings.properties
2025-10-16 11:07:42,008 [WARNING] django.request: Not Found: /settings.properties
2025-10-16 11:07:42,092 [WARNING] django.request: Not Found: /config.ini
2025-10-16 11:07:42,092 [WARNING] django.request: Not Found: /config.ini
2025-10-16 11:07:42,253 [WARNING] django.request: Not Found: /config.ini
2025-10-16 11:07:42,253 [WARNING] django.request: Not Found: /config.ini
2025-10-16 11:07:42,335 [WARNING] django.request: Not Found: /config.ini
2025-10-16 11:07:42,335 [WARNING] django.request: Not Found: /config.ini
2025-10-16 11:07:42,501 [WARNING] django.request: Not Found: /config.ini
2025-10-16 11:07:42,501 [WARNING] django.request: Not Found: /config.ini
2025-10-16 11:07:42,583 [WARNING] django.request: Not Found: /php.ini
2025-10-16 11:07:42,583 [WARNING] django.request: Not Found: /php.ini
2025-10-16 11:07:42,745 [WARNING] django.request: Not Found: /php.ini
2025-10-16 11:07:42,745 [WARNING] django.request: Not Found: /php.ini
2025-10-16 11:07:42,827 [WARNING] django.request: Not Found: /php.ini
2025-10-16 11:07:42,827 [WARNING] django.request: Not Found: /php.ini
2025-10-16 11:07:42,990 [WARNING] django.request: Not Found: /php.ini
2025-10-16 11:07:42,990 [WARNING] django.request: Not Found: /php.ini
2025-10-16 11:07:43,073 [WARNING] django.request: Not Found: /settings.ini
2025-10-16 11:07:43,073 [WARNING] django.request: Not Found: /settings.ini
2025-10-16 11:07:43,235 [WARNING] django.request: Not Found: /settings.ini
2025-10-16 11:07:43,235 [WARNING] django.request: Not Found: /settings.ini
2025-10-16 11:07:43,317 [WARNING] django.request: Not Found: /settings.ini
2025-10-16 11:07:43,317 [WARNING] django.request: Not Found: /settings.ini
2025-10-16 11:07:43,478 [WARNING] django.request: Not Found: /settings.ini
2025-10-16 11:07:43,478 [WARNING] django.request: Not Found: /settings.ini
2025-10-16 11:07:43,561 [WARNING] django.request: Not Found: /app.ini
2025-10-16 11:07:43,561 [WARNING] django.request: Not Found: /app.ini
2025-10-16 11:07:43,722 [WARNING] django.request: Not Found: /app.ini
2025-10-16 11:07:43,722 [WARNING] django.request: Not Found: /app.ini
2025-10-16 11:07:43,805 [WARNING] django.request: Not Found: /app.ini
2025-10-16 11:07:43,805 [WARNING] django.request: Not Found: /app.ini
2025-10-16 11:07:43,965 [WARNING] django.request: Not Found: /app.ini
2025-10-16 11:07:43,965 [WARNING] django.request: Not Found: /app.ini
2025-10-16 11:07:44,048 [WARNING] django.request: Not Found: /.aws/credentials
2025-10-16 11:07:44,048 [WARNING] django.request: Not Found: /.aws/credentials
2025-10-16 11:07:44,208 [WARNING] django.request: Not Found: /.aws/credentials
2025-10-16 11:07:44,208 [WARNING] django.request: Not Found: /.aws/credentials
2025-10-16 11:07:44,291 [WARNING] django.request: Not Found: /.aws/credentials
2025-10-16 11:07:44,291 [WARNING] django.request: Not Found: /.aws/credentials
2025-10-16 11:07:44,451 [WARNING] django.request: Not Found: /.aws/credentials
2025-10-16 11:07:44,451 [WARNING] django.request: Not Found: /.aws/credentials
2025-10-16 11:07:44,535 [WARNING] django.request: Not Found: /.aws/config
2025-10-16 11:07:44,535 [WARNING] django.request: Not Found: /.aws/config
2025-10-16 11:07:44,694 [WARNING] django.request: Not Found: /.aws/config
2025-10-16 11:07:44,694 [WARNING] django.request: Not Found: /.aws/config
2025-10-16 11:07:44,778 [WARNING] django.request: Not Found: /.aws/config
2025-10-16 11:07:44,778 [WARNING] django.request: Not Found: /.aws/config
2025-10-16 11:07:44,937 [WARNING] django.request: Not Found: /.aws/config
2025-10-16 11:07:44,937 [WARNING] django.request: Not Found: /.aws/config
2025-10-16 11:07:45,020 [WARNING] django.request: Not Found: /aws/credentials
2025-10-16 11:07:45,020 [WARNING] django.request: Not Found: /aws/credentials
2025-10-16 11:07:45,183 [WARNING] django.request: Not Found: /aws/credentials
2025-10-16 11:07:45,183 [WARNING] django.request: Not Found: /aws/credentials
2025-10-16 11:07:45,268 [WARNING] django.request: Not Found: /aws/credentials
2025-10-16 11:07:45,268 [WARNING] django.request: Not Found: /aws/credentials
2025-10-16 11:07:45,431 [WARNING] django.request: Not Found: /aws/credentials
2025-10-16 11:07:45,431 [WARNING] django.request: Not Found: /aws/credentials
2025-10-16 11:07:45,514 [WARNING] django.request: Not Found: /config/aws.json
2025-10-16 11:07:45,514 [WARNING] django.request: Not Found: /config/aws.json
2025-10-16 11:07:45,674 [WARNING] django.request: Not Found: /config/aws.json
2025-10-16 11:07:45,674 [WARNING] django.request: Not Found: /config/aws.json
2025-10-16 11:07:45,757 [WARNING] django.request: Not Found: /config/aws.json
2025-10-16 11:07:45,757 [WARNING] django.request: Not Found: /config/aws.json
2025-10-16 11:07:45,918 [WARNING] django.request: Not Found: /config/aws.json
2025-10-16 11:07:45,918 [WARNING] django.request: Not Found: /config/aws.json
2025-10-16 11:07:46,001 [WARNING] django.request: Not Found: /config/credentials
2025-10-16 11:07:46,001 [WARNING] django.request: Not Found: /config/credentials
2025-10-16 11:07:46,171 [WARNING] django.request: Not Found: /config/credentials
2025-10-16 11:07:46,171 [WARNING] django.request: Not Found: /config/credentials
2025-10-16 11:07:46,254 [WARNING] django.request: Not Found: /config/credentials
2025-10-16 11:07:46,254 [WARNING] django.request: Not Found: /config/credentials
2025-10-16 11:07:46,414 [WARNING] django.request: Not Found: /config/credentials
2025-10-16 11:07:46,414 [WARNING] django.request: Not Found: /config/credentials
2025-10-16 11:07:46,497 [WARNING] django.request: Not Found: /config.php
2025-10-16 11:07:46,497 [WARNING] django.request: Not Found: /config.php
2025-10-16 11:07:46,657 [WARNING] django.request: Not Found: /config.php
2025-10-16 11:07:46,657 [WARNING] django.request: Not Found: /config.php
2025-10-16 11:07:46,739 [WARNING] django.request: Not Found: /config.php
2025-10-16 11:07:46,739 [WARNING] django.request: Not Found: /config.php
2025-10-16 11:07:46,902 [WARNING] django.request: Not Found: /config.php
2025-10-16 11:07:46,902 [WARNING] django.request: Not Found: /config.php
2025-10-16 11:07:46,984 [WARNING] django.request: Not Found: /configuration.php
2025-10-16 11:07:46,984 [WARNING] django.request: Not Found: /configuration.php
2025-10-16 11:07:47,146 [WARNING] django.request: Not Found: /configuration.php
2025-10-16 11:07:47,146 [WARNING] django.request: Not Found: /configuration.php
2025-10-16 11:07:47,228 [WARNING] django.request: Not Found: /configuration.php
2025-10-16 11:07:47,228 [WARNING] django.request: Not Found: /configuration.php
2025-10-16 11:07:47,388 [WARNING] django.request: Not Found: /configuration.php
2025-10-16 11:07:47,388 [WARNING] django.request: Not Found: /configuration.php
2025-10-16 11:07:47,470 [WARNING] django.request: Not Found: /settings.php
2025-10-16 11:07:47,470 [WARNING] django.request: Not Found: /settings.php
2025-10-16 11:07:47,632 [WARNING] django.request: Not Found: /settings.php
2025-10-16 11:07:47,632 [WARNING] django.request: Not Found: /settings.php
2025-10-16 11:07:47,714 [WARNING] django.request: Not Found: /settings.php
2025-10-16 11:07:47,714 [WARNING] django.request: Not Found: /settings.php
2025-10-16 11:07:47,883 [WARNING] django.request: Not Found: /settings.php
2025-10-16 11:07:47,883 [WARNING] django.request: Not Found: /settings.php
2025-10-16 11:07:47,966 [WARNING] django.request: Not Found: /config.json
2025-10-16 11:07:47,966 [WARNING] django.request: Not Found: /config.json
2025-10-16 11:07:48,128 [WARNING] django.request: Not Found: /config.json
2025-10-16 11:07:48,128 [WARNING] django.request: Not Found: /config.json
2025-10-16 11:07:48,211 [WARNING] django.request: Not Found: /config.json
2025-10-16 11:07:48,211 [WARNING] django.request: Not Found: /config.json
2025-10-16 11:07:48,371 [WARNING] django.request: Not Found: /config.json
2025-10-16 11:07:48,371 [WARNING] django.request: Not Found: /config.json
2025-10-16 11:07:48,454 [WARNING] django.request: Not Found: /credentials.json
2025-10-16 11:07:48,454 [WARNING] django.request: Not Found: /credentials.json
2025-10-16 11:07:48,616 [WARNING] django.request: Not Found: /credentials.json
2025-10-16 11:07:48,616 [WARNING] django.request: Not Found: /credentials.json
2025-10-16 11:07:48,698 [WARNING] django.request: Not Found: /credentials.json
2025-10-16 11:07:48,698 [WARNING] django.request: Not Found: /credentials.json
2025-10-16 11:07:48,858 [WARNING] django.request: Not Found: /credentials.json
2025-10-16 11:07:48,858 [WARNING] django.request: Not Found: /credentials.json
2025-10-16 11:07:48,940 [WARNING] django.request: Not Found: /secrets.json
2025-10-16 11:07:48,940 [WARNING] django.request: Not Found: /secrets.json
2025-10-16 11:07:49,100 [WARNING] django.request: Not Found: /secrets.json
2025-10-16 11:07:49,100 [WARNING] django.request: Not Found: /secrets.json
2025-10-16 11:07:49,183 [WARNING] django.request: Not Found: /secrets.json
2025-10-16 11:07:49,183 [WARNING] django.request: Not Found: /secrets.json
2025-10-16 11:07:49,343 [WARNING] django.request: Not Found: /secrets.json
2025-10-16 11:07:49,343 [WARNING] django.request: Not Found: /secrets.json
2025-10-16 11:07:49,426 [WARNING] django.request: Not Found: /config/config.php
2025-10-16 11:07:49,426 [WARNING] django.request: Not Found: /config/config.php
2025-10-16 11:07:49,595 [WARNING] django.request: Not Found: /config/config.php
2025-10-16 11:07:49,595 [WARNING] django.request: Not Found: /config/config.php
2025-10-16 11:07:49,679 [WARNING] django.request: Not Found: /config/config.php
2025-10-16 11:07:49,679 [WARNING] django.request: Not Found: /config/config.php
2025-10-16 11:07:49,847 [WARNING] django.request: Not Found: /config/config.php
2025-10-16 11:07:49,847 [WARNING] django.request: Not Found: /config/config.php
2025-10-16 11:07:49,929 [WARNING] django.request: Not Found: /app/config.php
2025-10-16 11:07:49,929 [WARNING] django.request: Not Found: /app/config.php
2025-10-16 11:07:50,097 [WARNING] django.request: Not Found: /app/config.php
2025-10-16 11:07:50,097 [WARNING] django.request: Not Found: /app/config.php
2025-10-16 11:07:50,180 [WARNING] django.request: Not Found: /app/config.php
2025-10-16 11:07:50,180 [WARNING] django.request: Not Found: /app/config.php
2025-10-16 11:07:50,352 [WARNING] django.request: Not Found: /app/config.php
2025-10-16 11:07:50,352 [WARNING] django.request: Not Found: /app/config.php
2025-10-16 11:07:50,437 [WARNING] django.request: Not Found: /api/config.php
2025-10-16 11:07:50,437 [WARNING] django.request: Not Found: /api/config.php
2025-10-16 11:07:50,598 [WARNING] django.request: Not Found: /api/config.php
2025-10-16 11:07:50,598 [WARNING] django.request: Not Found: /api/config.php
2025-10-16 11:07:50,680 [WARNING] django.request: Not Found: /api/config.php
2025-10-16 11:07:50,680 [WARNING] django.request: Not Found: /api/config.php
2025-10-16 11:07:50,841 [WARNING] django.request: Not Found: /api/config.php
2025-10-16 11:07:50,841 [WARNING] django.request: Not Found: /api/config.php
2025-10-16 11:07:50,925 [WARNING] django.request: Not Found: /include/config.php
2025-10-16 11:07:50,925 [WARNING] django.request: Not Found: /include/config.php
2025-10-16 11:07:51,093 [WARNING] django.request: Not Found: /include/config.php
2025-10-16 11:07:51,093 [WARNING] django.request: Not Found: /include/config.php
2025-10-16 11:07:51,176 [WARNING] django.request: Not Found: /include/config.php
2025-10-16 11:07:51,176 [WARNING] django.request: Not Found: /include/config.php
2025-10-16 11:07:51,336 [WARNING] django.request: Not Found: /include/config.php
2025-10-16 11:07:51,336 [WARNING] django.request: Not Found: /include/config.php
2025-10-16 11:07:51,419 [WARNING] django.request: Not Found: /includes/config.php
2025-10-16 11:07:51,419 [WARNING] django.request: Not Found: /includes/config.php
2025-10-16 11:07:51,580 [WARNING] django.request: Not Found: /includes/config.php
2025-10-16 11:07:51,580 [WARNING] django.request: Not Found: /includes/config.php
2025-10-16 11:07:51,662 [WARNING] django.request: Not Found: /includes/config.php
2025-10-16 11:07:51,662 [WARNING] django.request: Not Found: /includes/config.php
2025-10-16 11:07:51,823 [WARNING] django.request: Not Found: /includes/config.php
2025-10-16 11:07:51,823 [WARNING] django.request: Not Found: /includes/config.php
2025-10-16 11:07:51,904 [WARNING] django.security.csrf: Forbidden (Referer checking failed - no Referer.): /admin/config.php
2025-10-16 11:07:51,904 [WARNING] django.security.csrf: Forbidden (Referer checking failed - no Referer.): /admin/config.php
2025-10-16 11:07:52,642 [WARNING] django.request: Not Found: /config/mail.php
2025-10-16 11:07:52,642 [WARNING] django.request: Not Found: /config/mail.php
2025-10-16 11:07:52,802 [WARNING] django.request: Not Found: /config/mail.php
2025-10-16 11:07:52,802 [WARNING] django.request: Not Found: /config/mail.php
2025-10-16 11:07:52,889 [WARNING] django.request: Not Found: /config/mail.php
2025-10-16 11:07:52,889 [WARNING] django.request: Not Found: /config/mail.php
2025-10-16 11:07:53,050 [WARNING] django.request: Not Found: /config/mail.php
2025-10-16 11:07:53,050 [WARNING] django.request: Not Found: /config/mail.php
2025-10-16 11:07:53,133 [WARNING] django.request: Not Found: /config/email.php
2025-10-16 11:07:53,133 [WARNING] django.request: Not Found: /config/email.php
2025-10-16 11:07:53,292 [WARNING] django.request: Not Found: /config/email.php
2025-10-16 11:07:53,292 [WARNING] django.request: Not Found: /config/email.php
2025-10-16 11:07:53,374 [WARNING] django.request: Not Found: /config/email.php
2025-10-16 11:07:53,374 [WARNING] django.request: Not Found: /config/email.php
2025-10-16 11:07:53,534 [WARNING] django.request: Not Found: /config/email.php
2025-10-16 11:07:53,534 [WARNING] django.request: Not Found: /config/email.php
2025-10-16 11:07:53,617 [WARNING] django.request: Not Found: /mail.php
2025-10-16 11:07:53,617 [WARNING] django.request: Not Found: /mail.php
2025-10-16 11:07:53,780 [WARNING] django.request: Not Found: /mail.php
2025-10-16 11:07:53,780 [WARNING] django.request: Not Found: /mail.php
2025-10-16 11:07:53,862 [WARNING] django.request: Not Found: /mail.php
2025-10-16 11:07:53,862 [WARNING] django.request: Not Found: /mail.php
2025-10-16 11:07:54,023 [WARNING] django.request: Not Found: /mail.php
2025-10-16 11:07:54,023 [WARNING] django.request: Not Found: /mail.php
2025-10-16 11:07:54,107 [WARNING] django.request: Not Found: /email.php
2025-10-16 11:07:54,107 [WARNING] django.request: Not Found: /email.php
2025-10-16 11:07:54,267 [WARNING] django.request: Not Found: /email.php
2025-10-16 11:07:54,267 [WARNING] django.request: Not Found: /email.php
2025-10-16 11:07:54,350 [WARNING] django.request: Not Found: /email.php
2025-10-16 11:07:54,350 [WARNING] django.request: Not Found: /email.php
2025-10-16 11:07:54,512 [WARNING] django.request: Not Found: /email.php
2025-10-16 11:07:54,512 [WARNING] django.request: Not Found: /email.php
2025-10-16 11:07:54,594 [WARNING] django.request: Not Found: /smtp.php
2025-10-16 11:07:54,594 [WARNING] django.request: Not Found: /smtp.php
2025-10-16 11:07:54,754 [WARNING] django.request: Not Found: /smtp.php
2025-10-16 11:07:54,754 [WARNING] django.request: Not Found: /smtp.php
2025-10-16 11:07:54,837 [WARNING] django.request: Not Found: /smtp.php
2025-10-16 11:07:54,837 [WARNING] django.request: Not Found: /smtp.php
2025-10-16 11:07:54,997 [WARNING] django.request: Not Found: /smtp.php
2025-10-16 11:07:54,997 [WARNING] django.request: Not Found: /smtp.php
2025-10-16 11:07:55,080 [WARNING] django.request: Not Found: /settings.json
2025-10-16 11:07:55,080 [WARNING] django.request: Not Found: /settings.json
2025-10-16 11:07:55,239 [WARNING] django.request: Not Found: /settings.json
2025-10-16 11:07:55,239 [WARNING] django.request: Not Found: /settings.json
2025-10-16 11:07:55,322 [WARNING] django.request: Not Found: /settings.json
2025-10-16 11:07:55,322 [WARNING] django.request: Not Found: /settings.json
2025-10-16 11:07:55,482 [WARNING] django.request: Not Found: /settings.json
2025-10-16 11:07:55,482 [WARNING] django.request: Not Found: /settings.json
2025-10-16 11:18:31,246 [WARNING] django.request: Not Found: /wp-content/plugins/hellopress/wp_filemanager.php
2025-10-16 11:18:31,246 [WARNING] django.request: Not Found: /wp-content/plugins/hellopress/wp_filemanager.php
2025-10-16 11:18:31,556 [WARNING] django.request: Not Found: /dex.php
2025-10-16 11:18:31,556 [WARNING] django.request: Not Found: /dex.php
2025-10-16 11:18:31,873 [WARNING] django.request: Not Found: /eauu.php
2025-10-16 11:18:31,873 [WARNING] django.request: Not Found: /eauu.php
2025-10-16 11:18:32,187 [WARNING] django.request: Not Found: /include.php
2025-10-16 11:18:32,187 [WARNING] django.request: Not Found: /include.php
2025-10-16 11:18:32,493 [WARNING] django.request: Not Found: /rsjlrria.php
2025-10-16 11:18:32,493 [WARNING] django.request: Not Found: /rsjlrria.php
2025-10-16 11:18:32,817 [WARNING] django.request: Not Found: /xxl.php
2025-10-16 11:18:32,817 [WARNING] django.request: Not Found: /xxl.php
2025-10-16 11:18:33,123 [WARNING] django.request: Not Found: /gelap1.php
2025-10-16 11:18:33,123 [WARNING] django.request: Not Found: /gelap1.php
2025-10-16 11:18:33,430 [WARNING] django.request: Not Found: /478.php
2025-10-16 11:18:33,430 [WARNING] django.request: Not Found: /478.php
2025-10-16 11:18:33,749 [WARNING] django.request: Not Found: /1efa.php
2025-10-16 11:18:33,749 [WARNING] django.request: Not Found: /1efa.php
2025-10-16 11:18:34,055 [WARNING] django.request: Not Found: /wsd.php
2025-10-16 11:18:34,055 [WARNING] django.request: Not Found: /wsd.php
2025-10-16 11:18:34,362 [WARNING] django.request: Not Found: /gmo.php
2025-10-16 11:18:34,362 [WARNING] django.request: Not Found: /gmo.php
2025-10-16 11:18:34,681 [WARNING] django.request: Not Found: /nc4.php
2025-10-16 11:18:34,681 [WARNING] django.request: Not Found: /nc4.php
2025-10-16 11:18:35,027 [WARNING] django.request: Not Found: /v4.php
2025-10-16 11:18:35,027 [WARNING] django.request: Not Found: /v4.php
2025-10-16 11:18:35,354 [WARNING] django.request: Not Found: /zwlj.php
2025-10-16 11:18:35,354 [WARNING] django.request: Not Found: /zwlj.php
2025-10-16 11:18:35,690 [WARNING] django.request: Not Found: /classwithtostring.php
2025-10-16 11:18:35,690 [WARNING] django.request: Not Found: /classwithtostring.php
2025-10-16 11:18:35,996 [WARNING] django.request: Not Found: /aa18.php
2025-10-16 11:18:35,996 [WARNING] django.request: Not Found: /aa18.php
2025-10-16 11:18:36,305 [WARNING] django.request: Not Found: /oxse.php
2025-10-16 11:18:36,305 [WARNING] django.request: Not Found: /oxse.php
2025-10-16 11:18:36,615 [WARNING] django.request: Not Found: /sec.php
2025-10-16 11:18:36,615 [WARNING] django.request: Not Found: /sec.php
2025-10-16 11:18:36,921 [WARNING] django.request: Not Found: /ccaef.php
2025-10-16 11:18:36,921 [WARNING] django.request: Not Found: /ccaef.php
2025-10-16 11:18:37,235 [WARNING] django.request: Not Found: /f.php
2025-10-16 11:18:37,235 [WARNING] django.request: Not Found: /f.php
2025-10-16 11:18:37,541 [WARNING] django.request: Not Found: /pow.php
2025-10-16 11:18:37,541 [WARNING] django.request: Not Found: /pow.php
2025-10-16 11:18:37,847 [WARNING] django.request: Not Found: /cool.php
2025-10-16 11:18:37,847 [WARNING] django.request: Not Found: /cool.php
2025-10-16 11:18:38,153 [WARNING] django.request: Not Found: /kesa.php
2025-10-16 11:18:38,153 [WARNING] django.request: Not Found: /kesa.php
2025-10-16 11:18:38,461 [WARNING] django.request: Not Found: /ev.php
2025-10-16 11:18:38,461 [WARNING] django.request: Not Found: /ev.php
2025-10-16 11:18:38,768 [WARNING] django.request: Not Found: /wpc.php
2025-10-16 11:18:38,768 [WARNING] django.request: Not Found: /wpc.php
2025-10-16 11:18:39,074 [WARNING] django.request: Not Found: /lc.php
2025-10-16 11:18:39,074 [WARNING] django.request: Not Found: /lc.php
2025-10-16 11:18:39,381 [WARNING] django.request: Not Found: /20.php
2025-10-16 11:18:39,381 [WARNING] django.request: Not Found: /20.php
2025-10-16 11:18:39,687 [WARNING] django.request: Not Found: /jlex.php
2025-10-16 11:18:39,687 [WARNING] django.request: Not Found: /jlex.php
2025-10-16 11:18:39,993 [WARNING] django.request: Not Found: /bb5.php
2025-10-16 11:18:39,993 [WARNING] django.request: Not Found: /bb5.php
2025-10-16 11:18:40,312 [WARNING] django.request: Not Found: /dxb.php
2025-10-16 11:18:40,312 [WARNING] django.request: Not Found: /dxb.php
2025-10-16 11:18:40,619 [WARNING] django.request: Not Found: /weo.php
2025-10-16 11:18:40,619 [WARNING] django.request: Not Found: /weo.php
2025-10-16 11:18:40,925 [WARNING] django.request: Not Found: /png.php
2025-10-16 11:18:40,925 [WARNING] django.request: Not Found: /png.php
2025-10-16 11:18:41,257 [WARNING] django.request: Not Found: /tes.php
2025-10-16 11:18:41,257 [WARNING] django.request: Not Found: /tes.php
2025-10-16 11:18:41,563 [WARNING] django.request: Not Found: /shell.php
2025-10-16 11:18:41,563 [WARNING] django.request: Not Found: /shell.php
2025-10-16 11:18:41,871 [WARNING] django.request: Not Found: /cccc.php
2025-10-16 11:18:41,871 [WARNING] django.request: Not Found: /cccc.php
2025-10-16 11:18:42,198 [WARNING] django.request: Not Found: /k.php
2025-10-16 11:18:42,198 [WARNING] django.request: Not Found: /k.php
2025-10-16 11:18:42,541 [WARNING] django.request: Not Found: /wawja.php
2025-10-16 11:18:42,541 [WARNING] django.request: Not Found: /wawja.php
2025-10-16 11:18:42,905 [WARNING] django.request: Not Found: /chatypro.php
2025-10-16 11:18:42,905 [WARNING] django.request: Not Found: /chatypro.php
2025-10-16 11:18:43,212 [WARNING] django.request: Not Found: /wo.php
2025-10-16 11:18:43,212 [WARNING] django.request: Not Found: /wo.php
2025-10-16 11:18:43,518 [WARNING] django.request: Not Found: /xex.php
2025-10-16 11:18:43,518 [WARNING] django.request: Not Found: /xex.php
2025-10-16 11:18:43,834 [WARNING] django.request: Not Found: /cmnk.php
2025-10-16 11:18:43,834 [WARNING] django.request: Not Found: /cmnk.php
2025-10-16 11:18:44,180 [WARNING] django.request: Not Found: /moon.php
2025-10-16 11:18:44,180 [WARNING] django.request: Not Found: /moon.php
2025-10-16 11:18:44,486 [WARNING] django.request: Not Found: /o2ll13.php
2025-10-16 11:18:44,486 [WARNING] django.request: Not Found: /o2ll13.php
2025-10-16 11:18:44,792 [WARNING] django.request: Not Found: /xl6.php
2025-10-16 11:18:44,792 [WARNING] django.request: Not Found: /xl6.php
2025-10-16 11:18:45,114 [WARNING] django.request: Not Found: /pu.php
2025-10-16 11:18:45,114 [WARNING] django.request: Not Found: /pu.php
2025-10-16 11:18:45,421 [WARNING] django.request: Not Found: /n1.php
2025-10-16 11:18:45,421 [WARNING] django.request: Not Found: /n1.php
2025-10-16 11:18:45,737 [WARNING] django.request: Not Found: /xD.php
2025-10-16 11:18:45,737 [WARNING] django.request: Not Found: /xD.php
2025-10-16 11:18:46,079 [WARNING] django.request: Not Found: /alf.php
2025-10-16 11:18:46,079 [WARNING] django.request: Not Found: /alf.php
2025-10-16 11:18:46,399 [WARNING] django.request: Not Found: /rafa.php
2025-10-16 11:18:46,399 [WARNING] django.request: Not Found: /rafa.php
2025-10-16 11:18:46,726 [WARNING] django.request: Not Found: /1a.php
2025-10-16 11:18:46,726 [WARNING] django.request: Not Found: /1a.php
2025-10-16 11:18:47,033 [WARNING] django.request: Not Found: /shlo.php
2025-10-16 11:18:47,033 [WARNING] django.request: Not Found: /shlo.php
2025-10-16 11:18:47,342 [WARNING] django.request: Not Found: /m.php
2025-10-16 11:18:47,342 [WARNING] django.request: Not Found: /m.php
2025-10-16 11:18:47,648 [WARNING] django.request: Not Found: /f5.php
2025-10-16 11:18:47,648 [WARNING] django.request: Not Found: /f5.php
2025-10-16 11:18:47,955 [WARNING] django.request: Not Found: /wefile.php
2025-10-16 11:18:47,955 [WARNING] django.request: Not Found: /wefile.php
2025-10-16 11:18:48,264 [WARNING] django.request: Not Found: /eifjp.php
2025-10-16 11:18:48,264 [WARNING] django.request: Not Found: /eifjp.php
2025-10-16 11:18:48,588 [WARNING] django.request: Not Found: /new4.php
2025-10-16 11:18:48,588 [WARNING] django.request: Not Found: /new4.php
2025-10-16 11:18:48,902 [WARNING] django.request: Not Found: /ac.php
2025-10-16 11:18:48,902 [WARNING] django.request: Not Found: /ac.php
2025-10-16 11:18:49,208 [WARNING] django.request: Not Found: /rx.php
2025-10-16 11:18:49,208 [WARNING] django.request: Not Found: /rx.php
2025-10-16 11:18:49,544 [WARNING] django.request: Not Found: /xs.php
2025-10-16 11:18:49,544 [WARNING] django.request: Not Found: /xs.php
2025-10-16 11:18:49,851 [WARNING] django.request: Not Found: /x.php
2025-10-16 11:18:49,851 [WARNING] django.request: Not Found: /x.php
2025-10-16 11:18:50,182 [WARNING] django.request: Not Found: /cfile.php
2025-10-16 11:18:50,182 [WARNING] django.request: Not Found: /cfile.php
2025-10-16 11:18:50,506 [WARNING] django.request: Not Found: /xxa.php
2025-10-16 11:18:50,506 [WARNING] django.request: Not Found: /xxa.php
2025-10-16 11:18:50,812 [WARNING] django.request: Not Found: /aa.php
2025-10-16 11:18:50,812 [WARNING] django.request: Not Found: /aa.php
2025-10-16 11:18:51,118 [WARNING] django.request: Not Found: /gfile.php
2025-10-16 11:18:51,118 [WARNING] django.request: Not Found: /gfile.php
2025-10-16 11:18:51,424 [WARNING] django.request: Not Found: /nc4.php
2025-10-16 11:18:51,424 [WARNING] django.request: Not Found: /nc4.php
2025-10-16 11:18:51,730 [WARNING] django.request: Not Found: /ffile.php
2025-10-16 11:18:51,730 [WARNING] django.request: Not Found: /ffile.php
2025-10-16 11:18:52,050 [WARNING] django.request: Not Found: /gold.php
2025-10-16 11:18:52,050 [WARNING] django.request: Not Found: /gold.php
2025-10-16 11:18:52,356 [WARNING] django.request: Not Found: /bless2.php
2025-10-16 11:18:52,356 [WARNING] django.request: Not Found: /bless2.php
2025-10-16 11:18:52,671 [WARNING] django.request: Not Found: /222.php
2025-10-16 11:18:52,671 [WARNING] django.request: Not Found: /222.php
2025-10-16 11:18:52,989 [WARNING] django.request: Not Found: /xhouf.php
2025-10-16 11:18:52,989 [WARNING] django.request: Not Found: /xhouf.php
2025-10-16 11:18:53,317 [WARNING] django.request: Not Found: /num.php
2025-10-16 11:18:53,317 [WARNING] django.request: Not Found: /num.php
2025-10-16 11:18:53,624 [WARNING] django.request: Not Found: /slo.php
2025-10-16 11:18:53,624 [WARNING] django.request: Not Found: /slo.php
2025-10-16 11:18:53,934 [WARNING] django.request: Not Found: /ava.php
2025-10-16 11:18:53,934 [WARNING] django.request: Not Found: /ava.php
2025-10-16 11:18:54,240 [WARNING] django.request: Not Found: /aa17.php
2025-10-16 11:18:54,240 [WARNING] django.request: Not Found: /aa17.php
2025-10-16 11:18:54,570 [WARNING] django.request: Not Found: /wander.php
2025-10-16 11:18:54,570 [WARNING] django.request: Not Found: /wander.php
2025-10-16 11:18:54,887 [WARNING] django.request: Not Found: /filei.php
2025-10-16 11:18:54,887 [WARNING] django.request: Not Found: /filei.php
2025-10-16 11:18:55,205 [WARNING] django.request: Not Found: /ot.php
2025-10-16 11:18:55,205 [WARNING] django.request: Not Found: /ot.php
2025-10-16 11:18:55,522 [WARNING] django.request: Not Found: /ol.php
2025-10-16 11:18:55,522 [WARNING] django.request: Not Found: /ol.php
2025-10-16 11:18:55,841 [WARNING] django.request: Not Found: /rak.php
2025-10-16 11:18:55,841 [WARNING] django.request: Not Found: /rak.php
2025-10-16 11:18:56,257 [WARNING] django.request: Not Found: /ee.php
2025-10-16 11:18:56,257 [WARNING] django.request: Not Found: /ee.php
2025-10-16 11:18:56,568 [WARNING] django.request: Not Found: /tcp.php
2025-10-16 11:18:56,568 [WARNING] django.request: Not Found: /tcp.php
2025-10-16 11:18:56,874 [WARNING] django.request: Not Found: /jx.php
2025-10-16 11:18:56,874 [WARNING] django.request: Not Found: /jx.php
2025-10-16 11:18:57,205 [WARNING] django.request: Not Found: /vanta.php
2025-10-16 11:18:57,205 [WARNING] django.request: Not Found: /vanta.php
2025-10-16 11:18:57,535 [WARNING] django.request: Not Found: /acxx.php
2025-10-16 11:18:57,535 [WARNING] django.request: Not Found: /acxx.php
2025-10-16 11:18:57,878 [WARNING] django.request: Not Found: /ahax.php
2025-10-16 11:18:57,878 [WARNING] django.request: Not Found: /ahax.php
2025-10-16 11:18:58,184 [WARNING] django.request: Not Found: /akc.php
2025-10-16 11:18:58,184 [WARNING] django.request: Not Found: /akc.php
2025-10-16 11:18:58,511 [WARNING] django.request: Not Found: /v2.php
2025-10-16 11:18:58,511 [WARNING] django.request: Not Found: /v2.php
2025-10-16 12:11:28,997 [WARNING] django.request: Not Found: /sdk
2025-10-16 12:11:28,997 [WARNING] django.request: Not Found: /sdk
2025-10-16 12:11:30,520 [WARNING] django.request: Not Found: /HNAP1
2025-10-16 12:11:30,520 [WARNING] django.request: Not Found: /HNAP1
2025-10-16 12:11:30,885 [WARNING] django.request: Not Found: /evox/about
2025-10-16 12:11:30,885 [WARNING] django.request: Not Found: /evox/about
2025-10-16 13:05:59,847 [WARNING] django.request: Not Found: /sitemap.xml
2025-10-16 13:05:59,847 [WARNING] django.request: Not Found: /sitemap.xml
2025-10-16 13:06:11,070 [WARNING] django.request: Not Found: /.env
2025-10-16 13:06:11,070 [WARNING] django.request: Not Found: /.env
2025-10-16 13:34:50,413 [WARNING] django.request: Not Found: /login
2025-10-16 13:34:50,413 [WARNING] django.request: Not Found: /login
2025-10-16 13:37:10,293 [WARNING] django.request: Not Found: /.env
2025-10-16 13:37:10,293 [WARNING] django.request: Not Found: /.env
2025-10-16 13:37:11,024 [WARNING] django.security.csrf: Forbidden (Referer checking failed - no Referer.): /
2025-10-16 13:37:11,024 [WARNING] django.security.csrf: Forbidden (Referer checking failed - no Referer.): /
2025-10-16 13:38:11,880 [WARNING] django.request: Not Found: /xmlrpc.php
2025-10-16 13:38:11,880 [WARNING] django.request: Not Found: /xmlrpc.php
2025-10-16 13:38:31,236 [WARNING] django.request: Not Found: /xmlrpc.php
2025-10-16 13:38:31,236 [WARNING] django.request: Not Found: /xmlrpc.php
2025-10-16 13:39:18,747 [WARNING] django.request: Not Found: /xmlrpc.php
2025-10-16 13:39:18,747 [WARNING] django.request: Not Found: /xmlrpc.php
2025-10-16 13:43:37,641 [WARNING] django.request: Not Found: /.env
2025-10-16 13:43:37,641 [WARNING] django.request: Not Found: /.env
2025-10-16 13:47:21,395 [WARNING] django.request: Not Found: /.git/config
2025-10-16 13:47:21,395 [WARNING] django.request: Not Found: /.git/config
2025-10-16 14:20:08,297 [WARNING] django.request: Not Found: /robots.txt
2025-10-16 14:20:08,297 [WARNING] django.request: Not Found: /robots.txt
2025-10-16 15:07:00,969 [WARNING] django.request: Not Found: /robots.txt
2025-10-16 15:07:00,969 [WARNING] django.request: Not Found: /robots.txt
2025-10-16 15:40:08,670 [WARNING] django.request: Not Found: /test.php
2025-10-16 15:40:08,670 [WARNING] django.request: Not Found: /test.php
2025-10-16 15:40:09,110 [WARNING] django.request: Not Found: /phpinfo.php
2025-10-16 15:40:09,110 [WARNING] django.request: Not Found: /phpinfo.php
2025-10-16 15:40:09,163 [WARNING] django.request: Not Found: /info.php
2025-10-16 15:40:09,163 [WARNING] django.request: Not Found: /info.php
2025-10-16 15:40:09,190 [WARNING] django.request: Not Found: /p.php
2025-10-16 15:40:09,190 [WARNING] django.request: Not Found: /p.php
2025-10-16 15:40:09,222 [WARNING] django.request: Not Found: /i.php
2025-10-16 15:40:09,222 [WARNING] django.request: Not Found: /i.php
2025-10-16 15:41:36,656 [WARNING] django.request: Not Found: /.env
2025-10-16 15:41:36,656 [WARNING] django.request: Not Found: /.env
2025-10-16 15:41:36,864 [WARNING] django.request: Not Found: /.git/config
2025-10-16 15:41:36,864 [WARNING] django.request: Not Found: /.git/config
2025-10-16 15:41:37,071 [WARNING] django.request: Not Found: /backend/.env
2025-10-16 15:41:37,071 [WARNING] django.request: Not Found: /backend/.env
2025-10-16 15:41:37,585 [WARNING] django.request: Not Found: /core/.env
2025-10-16 15:41:37,585 [WARNING] django.request: Not Found: /core/.env
2025-10-16 15:41:37,795 [WARNING] django.request: Not Found: /.env.bak
2025-10-16 15:41:37,795 [WARNING] django.request: Not Found: /.env.bak
2025-10-16 15:41:37,946 [WARNING] django.request: Not Found: /.git/logs/HEAD
2025-10-16 15:41:37,946 [WARNING] django.request: Not Found: /.git/logs/HEAD
2025-10-16 15:41:38,074 [WARNING] django.request: Not Found: /wp-config.php
2025-10-16 15:41:38,074 [WARNING] django.request: Not Found: /wp-config.php
2025-10-16 15:41:38,224 [WARNING] django.request: Not Found: /.gitlab-ci.yml
2025-10-16 15:41:38,224 [WARNING] django.request: Not Found: /.gitlab-ci.yml
2025-10-16 15:41:38,367 [WARNING] django.request: Not Found: /config.json
2025-10-16 15:41:38,367 [WARNING] django.request: Not Found: /config.json
2025-10-16 15:41:38,492 [WARNING] django.request: Not Found: /config.js
2025-10-16 15:41:38,492 [WARNING] django.request: Not Found: /config.js
2025-10-16 15:41:38,626 [WARNING] django.request: Not Found: /aws-config.js
2025-10-16 15:41:38,626 [WARNING] django.request: Not Found: /aws-config.js
2025-10-16 15:41:38,777 [WARNING] django.request: Not Found: /aws.config.js
2025-10-16 15:41:38,777 [WARNING] django.request: Not Found: /aws.config.js
2025-10-16 16:14:28,106 [WARNING] django.request: Not Found: //wp-includes/ID3/license.txt
2025-10-16 16:14:28,106 [WARNING] django.request: Not Found: //wp-includes/ID3/license.txt
2025-10-16 16:14:28,348 [WARNING] django.request: Not Found: //feed/
2025-10-16 16:14:28,348 [WARNING] django.request: Not Found: //feed/
2025-10-16 16:14:28,589 [WARNING] django.request: Not Found: //xmlrpc.php
2025-10-16 16:14:28,589 [WARNING] django.request: Not Found: //xmlrpc.php
2025-10-16 16:14:28,831 [WARNING] django.request: Not Found: //blog/wp-includes/wlwmanifest.xml
2025-10-16 16:14:28,831 [WARNING] django.request: Not Found: //blog/wp-includes/wlwmanifest.xml
2025-10-16 16:14:29,073 [WARNING] django.request: Not Found: //web/wp-includes/wlwmanifest.xml
2025-10-16 16:14:29,073 [WARNING] django.request: Not Found: //web/wp-includes/wlwmanifest.xml
2025-10-16 16:14:29,315 [WARNING] django.request: Not Found: //wordpress/wp-includes/wlwmanifest.xml
2025-10-16 16:14:29,315 [WARNING] django.request: Not Found: //wordpress/wp-includes/wlwmanifest.xml
2025-10-16 16:14:29,557 [WARNING] django.request: Not Found: //wp/wp-includes/wlwmanifest.xml
2025-10-16 16:14:29,557 [WARNING] django.request: Not Found: //wp/wp-includes/wlwmanifest.xml
2025-10-16 16:14:29,799 [WARNING] django.request: Not Found: //2020/wp-includes/wlwmanifest.xml
2025-10-16 16:14:29,799 [WARNING] django.request: Not Found: //2020/wp-includes/wlwmanifest.xml
2025-10-16 16:14:30,043 [WARNING] django.request: Not Found: //2019/wp-includes/wlwmanifest.xml
2025-10-16 16:14:30,043 [WARNING] django.request: Not Found: //2019/wp-includes/wlwmanifest.xml
2025-10-16 16:14:30,285 [WARNING] django.request: Not Found: //2021/wp-includes/wlwmanifest.xml
2025-10-16 16:14:30,285 [WARNING] django.request: Not Found: //2021/wp-includes/wlwmanifest.xml
2025-10-16 16:14:30,527 [WARNING] django.request: Not Found: //shop/wp-includes/wlwmanifest.xml
2025-10-16 16:14:30,527 [WARNING] django.request: Not Found: //shop/wp-includes/wlwmanifest.xml
2025-10-16 16:14:30,768 [WARNING] django.request: Not Found: //wp1/wp-includes/wlwmanifest.xml
2025-10-16 16:14:30,768 [WARNING] django.request: Not Found: //wp1/wp-includes/wlwmanifest.xml
2025-10-16 16:14:31,011 [WARNING] django.request: Not Found: //test/wp-includes/wlwmanifest.xml
2025-10-16 16:14:31,011 [WARNING] django.request: Not Found: //test/wp-includes/wlwmanifest.xml
2025-10-16 16:14:31,253 [WARNING] django.request: Not Found: //site/wp-includes/wlwmanifest.xml
2025-10-16 16:14:31,253 [WARNING] django.request: Not Found: //site/wp-includes/wlwmanifest.xml
2025-10-16 16:14:31,495 [WARNING] django.request: Not Found: //cms/wp-includes/wlwmanifest.xml
2025-10-16 16:14:31,495 [WARNING] django.request: Not Found: //cms/wp-includes/wlwmanifest.xml
2025-10-16 16:20:55,207 [WARNING] django.request: Not Found: /tinyfilemanager/tinyfilemanager.php
2025-10-16 16:20:55,207 [WARNING] django.request: Not Found: /tinyfilemanager/tinyfilemanager.php
2025-10-16 16:20:55,550 [WARNING] django.request: Not Found: /tinyfilemanager.php
2025-10-16 16:20:55,550 [WARNING] django.request: Not Found: /tinyfilemanager.php
2025-10-16 16:23:05,120 [WARNING] django.request: Not Found: /.env
2025-10-16 16:23:05,120 [WARNING] django.request: Not Found: /.env
2025-10-16 16:23:05,225 [WARNING] django.request: Not Found: /core/.env
2025-10-16 16:23:05,225 [WARNING] django.request: Not Found: /core/.env
2025-10-16 16:23:05,328 [WARNING] django.request: Not Found: /web/.env
2025-10-16 16:23:05,328 [WARNING] django.request: Not Found: /web/.env
2025-10-16 16:23:05,457 [WARNING] django.request: Not Found: /app/.env
2025-10-16 16:23:05,457 [WARNING] django.request: Not Found: /app/.env
2025-10-16 16:23:05,540 [WARNING] django.request: Not Found: /laravel/.env
2025-10-16 16:23:05,540 [WARNING] django.request: Not Found: /laravel/.env
2025-10-16 16:23:05,637 [WARNING] django.request: Not Found: /crm/.env
2025-10-16 16:23:05,637 [WARNING] django.request: Not Found: /crm/.env
2025-10-16 16:23:05,724 [WARNING] django.request: Not Found: /backend/.env
2025-10-16 16:23:05,724 [WARNING] django.request: Not Found: /backend/.env
2025-10-16 16:23:05,808 [WARNING] django.request: Not Found: /local/.env
2025-10-16 16:23:05,808 [WARNING] django.request: Not Found: /local/.env
2025-10-16 16:23:05,894 [WARNING] django.request: Not Found: /application/.env
2025-10-16 16:23:05,894 [WARNING] django.request: Not Found: /application/.env
2025-10-16 16:23:06,102 [WARNING] django.request: Not Found: /prod/.env
2025-10-16 16:23:06,102 [WARNING] django.request: Not Found: /prod/.env
2025-10-16 16:23:06,211 [WARNING] django.request: Not Found: /api/.env
2025-10-16 16:23:06,211 [WARNING] django.request: Not Found: /api/.env
2025-10-16 16:23:06,323 [WARNING] django.request: Not Found: /blog/.env
2025-10-16 16:23:06,323 [WARNING] django.request: Not Found: /blog/.env
2025-10-16 16:23:06,404 [WARNING] django.request: Not Found: /.env.bak
2025-10-16 16:23:06,404 [WARNING] django.request: Not Found: /.env.bak
2025-10-16 16:23:06,501 [WARNING] django.request: Not Found: /vendor/laravel/.env
2025-10-16 16:23:06,501 [WARNING] django.request: Not Found: /vendor/laravel/.env
2025-10-16 16:23:06,605 [WARNING] django.request: Not Found: /vendor/.env
2025-10-16 16:23:06,605 [WARNING] django.request: Not Found: /vendor/.env
2025-10-16 16:23:06,712 [WARNING] django.request: Not Found: /public/.env
2025-10-16 16:23:06,712 [WARNING] django.request: Not Found: /public/.env
2025-10-16 16:23:06,824 [WARNING] django.request: Not Found: /apps/.env
2025-10-16 16:23:06,824 [WARNING] django.request: Not Found: /apps/.env
2025-10-16 16:23:06,910 [WARNING] django.request: Not Found: /app/config/.env
2025-10-16 16:23:06,910 [WARNING] django.request: Not Found: /app/config/.env
2025-10-16 16:23:07,026 [WARNING] django.request: Not Found: /portal/.env
2025-10-16 16:23:07,026 [WARNING] django.request: Not Found: /portal/.env
2025-10-16 16:23:07,149 [WARNING] django.request: Not Found: /config/.env
2025-10-16 16:23:07,149 [WARNING] django.request: Not Found: /config/.env
2025-10-16 16:23:07,229 [WARNING] django.request: Not Found: /core/app/.env
2025-10-16 16:23:07,229 [WARNING] django.request: Not Found: /core/app/.env
2025-10-16 16:23:07,328 [WARNING] django.request: Not Found: /.env.dev
2025-10-16 16:23:07,328 [WARNING] django.request: Not Found: /.env.dev
2025-10-16 16:23:07,442 [WARNING] django.request: Not Found: /.env.prod
2025-10-16 16:23:07,442 [WARNING] django.request: Not Found: /.env.prod
2025-10-16 16:23:07,527 [WARNING] django.request: Not Found: /.git/info/exclude
2025-10-16 16:23:07,527 [WARNING] django.request: Not Found: /.git/info/exclude
2025-10-16 16:23:07,639 [WARNING] django.request: Not Found: /bitbucket-pipelines.yml
2025-10-16 16:23:07,639 [WARNING] django.request: Not Found: /bitbucket-pipelines.yml
2025-10-16 16:23:07,719 [WARNING] django.request: Not Found: /.gitlab-ci.yml
2025-10-16 16:23:07,719 [WARNING] django.request: Not Found: /.gitlab-ci.yml
2025-10-16 16:23:07,822 [WARNING] django.request: Not Found: /config/settings.yml
2025-10-16 16:23:07,822 [WARNING] django.request: Not Found: /config/settings.yml
2025-10-16 16:23:07,924 [WARNING] django.request: Not Found: /config/environments/development.rb
2025-10-16 16:23:07,924 [WARNING] django.request: Not Found: /config/environments/development.rb
2025-10-16 16:23:08,020 [WARNING] django.request: Not Found: /config/environments/production.rb
2025-10-16 16:23:08,020 [WARNING] django.request: Not Found: /config/environments/production.rb
2025-10-16 16:23:08,105 [WARNING] django.request: Not Found: /config/environments/staging.rb
2025-10-16 16:23:08,105 [WARNING] django.request: Not Found: /config/environments/staging.rb
2025-10-16 16:23:08,211 [WARNING] django.request: Not Found: /wp-content/w3tc-config/master-preview.php
2025-10-16 16:23:08,211 [WARNING] django.request: Not Found: /wp-content/w3tc-config/master-preview.php
2025-10-16 16:23:08,302 [WARNING] django.request: Not Found: /wp-content/w3tc-config/master.php
2025-10-16 16:23:08,302 [WARNING] django.request: Not Found: /wp-content/w3tc-config/master.php
2025-10-16 16:23:08,444 [WARNING] django.request: Not Found: /docker-compose.yml
2025-10-16 16:23:08,444 [WARNING] django.request: Not Found: /docker-compose.yml
2025-10-16 16:23:08,522 [WARNING] django.request: Not Found: /.env.production
2025-10-16 16:23:08,522 [WARNING] django.request: Not Found: /.env.production
2025-10-16 16:23:08,617 [WARNING] django.request: Not Found: /.env.save
2025-10-16 16:23:08,617 [WARNING] django.request: Not Found: /.env.save
2025-10-16 16:23:08,701 [WARNING] django.request: Not Found: /shared/.env
2025-10-16 16:23:08,701 [WARNING] django.request: Not Found: /shared/.env
2025-10-16 16:23:08,821 [WARNING] django.request: Not Found: /system/.env
2025-10-16 16:23:08,821 [WARNING] django.request: Not Found: /system/.env
2025-10-16 16:23:08,913 [WARNING] django.request: Not Found: /appsettings.json
2025-10-16 16:23:08,913 [WARNING] django.request: Not Found: /appsettings.json
2025-10-16 16:23:09,001 [WARNING] django.request: Not Found: /api/src/.env
2025-10-16 16:23:09,001 [WARNING] django.request: Not Found: /api/src/.env
2025-10-16 16:23:09,098 [WARNING] django.request: Not Found: /env.js
2025-10-16 16:23:09,098 [WARNING] django.request: Not Found: /env.js
2025-10-16 16:23:09,204 [WARNING] django.request: Not Found: /env.dev
2025-10-16 16:23:09,204 [WARNING] django.request: Not Found: /env.dev
2025-10-16 16:23:09,346 [WARNING] django.request: Not Found: /.env_mail_server
2025-10-16 16:23:09,346 [WARNING] django.request: Not Found: /.env_mail_server
2025-10-16 16:23:09,441 [WARNING] django.request: Not Found: /project/.env
2025-10-16 16:23:09,441 [WARNING] django.request: Not Found: /project/.env
2025-10-16 16:23:09,543 [WARNING] django.request: Not Found: /.env.development
2025-10-16 16:23:09,543 [WARNING] django.request: Not Found: /.env.development
2025-10-16 16:23:09,658 [WARNING] django.request: Not Found: /private/.env
2025-10-16 16:23:09,658 [WARNING] django.request: Not Found: /private/.env
2025-10-16 16:23:09,753 [WARNING] django.request: Not Found: /user/.env.staging
2025-10-16 16:23:09,753 [WARNING] django.request: Not Found: /user/.env.staging
2025-10-16 16:23:09,902 [WARNING] django.request: Not Found: /doc/.env
2025-10-16 16:23:09,902 [WARNING] django.request: Not Found: /doc/.env
2025-10-16 16:23:10,091 [WARNING] django.request: Not Found: /.env.stage
2025-10-16 16:23:10,091 [WARNING] django.request: Not Found: /.env.stage
2025-10-16 16:23:10,173 [WARNING] django.request: Not Found: /v1/.env
2025-10-16 16:23:10,173 [WARNING] django.request: Not Found: /v1/.env
2025-10-16 16:23:10,267 [WARNING] django.request: Not Found: /dev/.env
2025-10-16 16:23:10,267 [WARNING] django.request: Not Found: /dev/.env
2025-10-16 16:23:10,384 [WARNING] django.request: Not Found: /config/filesystems.php
2025-10-16 16:23:10,384 [WARNING] django.request: Not Found: /config/filesystems.php
2025-10-16 16:23:10,478 [WARNING] django.request: Not Found: /config/mail.php
2025-10-16 16:23:10,478 [WARNING] django.request: Not Found: /config/mail.php
2025-10-16 16:23:10,559 [WARNING] django.request: Not Found: /.aws/credentials
2025-10-16 16:23:10,559 [WARNING] django.request: Not Found: /.aws/credentials
2025-10-16 16:23:10,646 [WARNING] django.request: Not Found: /phpinfo
2025-10-16 16:23:10,646 [WARNING] django.request: Not Found: /phpinfo
2025-10-16 16:23:10,729 [WARNING] django.request: Not Found: /_profiler/phpinfo
2025-10-16 16:23:10,729 [WARNING] django.request: Not Found: /_profiler/phpinfo
2025-10-16 16:23:10,827 [WARNING] django.request: Not Found: /phpinfo.php
2025-10-16 16:23:10,827 [WARNING] django.request: Not Found: /phpinfo.php
2025-10-16 16:23:10,912 [WARNING] django.request: Not Found: /info.php
2025-10-16 16:23:10,912 [WARNING] django.request: Not Found: /info.php
2025-10-16 16:23:11,042 [WARNING] django.request: Not Found: /wp-config.php.orig
2025-10-16 16:23:11,042 [WARNING] django.request: Not Found: /wp-config.php.orig
2025-10-16 16:23:11,151 [WARNING] django.request: Not Found: /wp-config.php
2025-10-16 16:23:11,151 [WARNING] django.request: Not Found: /wp-config.php
2025-10-16 16:23:11,248 [WARNING] django.request: Not Found: /index.php
2025-10-16 16:23:11,248 [WARNING] django.request: Not Found: /index.php
2025-10-16 16:23:11,333 [WARNING] django.request: Not Found: /temp.php
2025-10-16 16:23:11,333 [WARNING] django.request: Not Found: /temp.php
2025-10-16 16:23:11,414 [WARNING] django.request: Not Found: /config/queue.php
2025-10-16 16:23:11,414 [WARNING] django.request: Not Found: /config/queue.php
2025-10-16 16:23:11,532 [WARNING] django.request: Not Found: /config/services.php
2025-10-16 16:23:11,532 [WARNING] django.request: Not Found: /config/services.php
2025-10-16 16:23:11,630 [WARNING] django.request: Not Found: /config/filesystems.php
2025-10-16 16:23:11,630 [WARNING] django.request: Not Found: /config/filesystems.php
2025-10-16 16:23:11,733 [WARNING] django.request: Not Found: /info
2025-10-16 16:23:11,733 [WARNING] django.request: Not Found: /info
2025-10-16 16:23:11,839 [WARNING] django.request: Not Found: /phpinfo.php3
2025-10-16 16:23:11,839 [WARNING] django.request: Not Found: /phpinfo.php3
2025-10-16 16:23:11,949 [WARNING] django.security.csrf: Forbidden (Referer checking failed - no Referer.): /
2025-10-16 16:23:11,949 [WARNING] django.security.csrf: Forbidden (Referer checking failed - no Referer.): /
2025-10-16 16:41:13,124 [WARNING] django.request: Not Found: /.env
2025-10-16 16:41:13,124 [WARNING] django.request: Not Found: /.env
2025-10-16 16:41:14,055 [WARNING] django.security.csrf: Forbidden (Referer checking failed - no Referer.): /
2025-10-16 16:41:14,055 [WARNING] django.security.csrf: Forbidden (Referer checking failed - no Referer.): /
2025-10-16 17:21:36,866 [WARNING] django.request: Not Found: /robots.txt
2025-10-16 17:21:36,866 [WARNING] django.request: Not Found: /robots.txt
2025-10-16 18:04:46,394 [WARNING] django.request: Not Found: /robots.txt
2025-10-16 18:04:46,394 [WARNING] django.request: Not Found: /robots.txt
2025-10-16 18:19:57,862 [WARNING] django.request: Not Found: /ReportServer
2025-10-16 18:19:57,862 [WARNING] django.request: Not Found: /ReportServer
2025-10-16 18:35:27,790 [INFO] core.views: Feedback received: Kachow
2025-10-16 19:33:14,482 [WARNING] django.request: Not Found: /robots.txt
2025-10-16 19:33:14,482 [WARNING] django.request: Not Found: /robots.txt
2025-10-16 19:36:30,647 [WARNING] django.request: Not Found: /.git/config
2025-10-16 19:36:30,647 [WARNING] django.request: Not Found: /.git/config
2025-10-16 20:22:01,770 [WARNING] django.request: Not Found: /adminer.php
2025-10-16 20:22:01,770 [WARNING] django.request: Not Found: /adminer.php
2025-10-16 20:22:21,678 [WARNING] django.request: Not Found: /.env
2025-10-16 20:22:21,678 [WARNING] django.request: Not Found: /.env
2025-10-16 20:22:22,340 [WARNING] django.security.csrf: Forbidden (Referer checking failed - no Referer.): /
2025-10-16 20:22:22,340 [WARNING] django.security.csrf: Forbidden (Referer checking failed - no Referer.): /
