nohup: ignoring input
[2025-10-07 22:54:27 +0000] [15289] [INFO] Starting gunicorn 23.0.0
[2025-10-07 22:54:27 +0000] [15289] [INFO] Listening at: http://127.0.0.1:8000 (15289)
[2025-10-07 22:54:27 +0000] [15289] [INFO] Using worker: sync
[2025-10-07 22:54:27 +0000] [15290] [INFO] Booting worker with pid: 15290
Not Found: /#
Not Found: /favicon.png
Not Found: /0ae0af2eebcb47b8b261f9890fdf9aff
Not Found: /2f6091fd-873a-4de4-a9aa-29fa1cf728b4
Not Found: /68562b3a-28f0-40c8-8c48-fcd12bce944d
Not Found: /fc9a2840-d9ac-4158-bd74-3cf2d3981ef6/
Not Found: /uploads
Not Found: /downloads
Not Found: /user
Not Found: /download
Not Found: /files
Not Found: /upi
Not Found: /dashboard
Not Found: /login
Not Found: /india
Not Found: /bank
Not Found: /activate
Not Found: /backups
Not Found: /upload
Not Found: /card
Not Found: /system
Not Found: /tmp
Not Found: /prize
Not Found: /private
Not Found: /portal
Not Found: /file
Not Found: /web
Not Found: /invoices
Not Found: /admin
Not Found: /api
Not Found: /apis
Not Found: /signin
Not Found: /shop
Not Found: /management
Not Found: /settings
Not Found: /sales
Not Found: /test
Not Found: /offer
Not Found: /support
Not Found: /invoice
Not Found: /confirm
Not Found: /secure
Not Found: /auth
Not Found: /coupon
Not Found: /administrator
Not Found: /private-data
Not Found: /archives
Not Found: /payment
Not Found: /backup
Not Found: /profile
Not Found: /service
Not Found: /authorization
Not Found: /log
Not Found: /authorize
Not Found: /services
Not Found: /configuration
Not Found: /balance
Not Found: /credit
Not Found: /hdfc
Not Found: /verify
Not Found: /statement
Not Found: /client
Not Found: /users
Not Found: /icici
Not Found: /accounts
Not Found: /security
Not Found: /customer
Not Found: /configurations
Not Found: /loan
Not Found: /transfer
Not Found: /netbanking
Not Found: /authentication
Not Found: /profiles
Not Found: /account
Not Found: /config
Not Found: /ebanking
Not Found: /reward
Not Found: /cart
Not Found: /banking
Not Found: /tests
Not Found: /temp
Not Found: /transaction
Not Found: /clients
Not Found: /withdraw
Not Found: /orders
Not Found: /sys
Not Found: /www
Not Found: /savings
Not Found: /data
Not Found: /help
Not Found: /billing
Not Found: /claim
Not Found: /verification
Not Found: /update
Not Found: /unlock
Not Found: /carts
Not Found: /old
Not Found: /store
Not Found: /bankonline
Not Found: /manage
Not Found: /refund
Not Found: /order
Not Found: /deposit
Not Found: /checkout
Not Found: /archive
Not Found: /logs
Not Found: /root
Not Found: /adminpanel
Not Found: /controlpanel
Not Found: /cp
Not Found: /staffs
Not Found: /cpanel
Not Found: /staff
Not Found: /userpanel
Not Found: /member
Not Found: /members
Not Found: /signup
Not Found: /register
Not Found: /registration
Not Found: /password
Not Found: /password-reset
Not Found: /password-recovery
Not Found: /reset
Not Found: /recover
Not Found: /session
Not Found: /sessions
Not Found: /token
Not Found: /tokens
Not Found: /key
Not Found: /keys
Not Found: /secret
Not Found: /secrets
Not Found: /config.php
Not Found: /index.php
Not Found: /home
Not Found: /home-page
Not Found: /main
Not Found: /default
Not Found: /public
Not Found: /hidden
Not Found: /hidden-files
Not Found: /cache
Not Found: /caches
Not Found: /db
Not Found: /database
Not Found: /databases
Not Found: /sql
Not Found: /dbadmin
Not Found: /phpmyadmin
Not Found: /webmail
Not Found: /email
Not Found: /emails
Not Found: /mail
Not Found: /mailer
Not Found: /contact.php
Not Found: /allthingsev
Not Found: /hdfcergohealth
Not Found: /hdfcergoknowledge
Not Found: /hdfcergo
Not Found: /iciciventure
Not Found: /icicibank
Not Found: /icicibankltd
Not Found: /icicihfc
Not Found: /icicibankbahrain
Not Found: /icicidirect
Not Found: /npcisupport
Not Found: /bharat-connect
Not Found: /nipl
Not Found: /nfinite
Not Found: /digisaathi
Not Found: /upichalega
Not Found: /bharatbillpay
Not Found: /netc
Not Found: /npci
Not Found: /rupay
Not Found: /bhimupi
Not Found: /naiaisland
Not Found: /shamal
Not Found: /meraas
Not Found: /skydiveempuriabrava
Not Found: /theespressolab
Not Found: /hartshoreditch
Not Found: /fiveguys
Not Found: /sushisamba
Not Found: /zabeelinvestments
Not Found: /xyogadubai
Not Found: /xparkjr
Not Found: /thooq
Not Found: /thewppa
Not Found: /thesquareatnas
Not Found: /skyhub
Not Found: /shoofo
Not Found: /shamalinvestments
Not Found: /shamalgroup
Not Found: /shamaldevelopment
Not Found: /risellc
Not Found: /randsinvestments
Not Found: /nasgardensquare
Not Found: /nasgardens
Not Found: /jiwin-invest
Not Found: /gofast
Not Found: /extremeflight
Not Found: /dropzone
Not Found: /deepdivedubai
Not Found: /bcresidences
Not Found: /almedmar
Not Found: /almaktab
Not Found: /cruisedubai
Not Found: /csfcamps
Not Found: /reprobiotech
Not Found: /dubai360
Not Found: /0-gravity
Not Found: /baccaratresidencesdubai
Not Found: /fishfarm
Not Found: /jetman
Not Found: /inflightdubai
Not Found: /dubaifilm
Not Found: /dubaiharbourresidences
Not Found: /skydivedubai
Not Found: /xdubaishop
Not Found: /xdubai
Not Found: /kitebeach
Not Found: /dubaiharbour
Not Found: /shamalholding
Not Found: /meeshoaiservices
Not Found: /meeshogrocery
Not Found: /valmo
Not Found: /meeshosuppliers
Not Found: /meeshosupplier
Not Found: /meeshoapp
Not Found: /meeshodesign
Not Found: /meesho
Not Found: /hdfcbankfastag
Not Found: /hdfclifere
Not Found: /hdfclife
Not Found: /hdfcpension
Not Found: /hdfchealth
Not Found: /hdfclife-international
Not Found: /life99
Not Found: /htparekhfoundation
Not Found: /thehdfcschool
Not Found: /hdfccredila
Not Found: /hdfcfund
Not Found: /hdfccapital
Not Found: /hdfcpropertyfund
Not Found: /hdfcsales
Not Found: /hdfcbk
Not Found: /hbctxdom
Not Found: /hdbfs
Not Found: /hdfcsec
Not Found: /hdfcbankbahrain
Not Found: /hdfcbankhongkong
Not Found: /hdfcbank
Not Found: /icicilombard
Not Found: /icicilombardemail
Not Found: /icicigroupcompanies
Not Found: /insurancepp
Not Found: /prodicicilombard
Not Found: /insuranceprod
Not Found: /autoninja
Not Found: /ilgicltd
Not Found: /ilomgic
Not Found: /ilomgeneralinsurance
Not Found: /ilom
Not Found: /hellowin
Not Found: /hellowyn
Not Found: /icicilombardmail
Not Found: /engage-il
Not Found: /myicicilombard
Not Found: /ilgic
Not Found: /icici-lombard
Not Found: /icicilombardmails
Not Found: /ninjacrm
Not Found: /ilgicdash
Not Found: /itraceit
Not Found: /insurancearticlez
Not Found: /lombardicici
Not Found: /lombard-icici
Not Found: /ottobuddy
Not Found: /otto-buddy
Not Found: /iltakecare
Not Found: /il-take-care
Not Found: /icicilombardgic
Not Found: /icici-lombard-gic
Not Found: /ipartnermobileicicilombard
Not Found: /ipartner-mobile-icici-lombard
Not Found: /icicilombardozone
Not Found: /icici-lombard-ozone
Not Found: /icicicareers
Not Found: /icici-careers
Not Found: /icicibankcreditcard
Not Found: /icici-bank-credit-card
Not Found: /icicibankcustomercare
Not Found: /icici-bank-customer-care
Not Found: /icicipoint
Not Found: /icici-point
Not Found: /icicireward
Not Found: /icici-reward
Not Found: /icici-bank
Not Found: /naiaislanddubai
Not Found: /naia-island-dubai
Not Found: /discovernaia
Not Found: /discover-naia
Not Found: /experiencenaia
Not Found: /experience-naia
Not Found: /visitnaiadubai
Not Found: /visit-naiadubai
Not Found: /naiadubae
Not Found: /naia-dubae
Not Found: /naiadubay
Not Found: /naia-dubay
Not Found: /visitnaia-dubai
Not Found: /naia-islanddubai
Not Found: /naiadubaiisland
Not Found: /naia-dubaiisland
Not Found: /naiadubai
Not Found: /naia-dubai
Not Found: /stayatnaia
Not Found: /stayat-naia
Not Found: /naia-island
Not Found: /naidubai
Not Found: /naaiaisland
Not Found: /naaia-island
Not Found: /naiaaisland
Not Found: /naiaa-island
Not Found: /nayaaisland
Not Found: /nayaa-island
Not Found: /nayaisland
Not Found: /naya-island
Not Found: /naiaislandproject
Not Found: /naia-island-project
Not Found: /naia-dubai-island
Not Found: /shamalisland
Not Found: /shamal-island
Not Found: /theislandummsuqeim
Not Found: /the-island-umm-suqeim
Not Found: /islandatummsuqeim
Not Found: /island-at-umm-suqeim
Not Found: /ummsuqeimislanddubai
Not Found: /umm-suqeim-island-dubai
Not Found: /ummsuqeimislandbyshamal
Not Found: /umm-suqeim-island-by-shamal
Not Found: /ummsuqeimisland
Not Found: /umm-suqeim-island
Not Found: /islandbyshamal
Not Found: /island-by-shamal
Not Found: /theislandbyshamal
Not Found: /the-island-by-shamal
Not Found: /skydivedubaiaed
Not Found: /skydive-dubai-aed
Not Found: /almeidavillas
Not Found: /al-meida-villas
Not Found: /nadalshebagarden
Not Found: /nad-al-sheba-garden
Not Found: /0gravitydubai
Not Found: /0-gravity-dubai
Not Found: /0gravitybeachclub
Not Found: /0-gravity-beachclub
Not Found: /xdubai-shop
Not Found: /baccarat-residences-dubai
Not Found: /kitebeachdubai
Not Found: /kite-beach-dubai
Not Found: /fishfarmdubai
Not Found: /fish-farm-dubai
Not Found: /fishfarmllc
Not Found: /fish-farm-llc
Not Found: /dubaiharbourmarinas
Not Found: /dubai-harbour-marinas
Not Found: /zabeelsaray
Not Found: /zabeel-saray
Not Found: /skyhubdubai
Not Found: /skyhub-dubai
Not Found: /inflight-dubai
Not Found: /deep-dive-dubai
Not Found: /xdubaipark
Not Found: /dubai-harbour-residences
Not Found: /baccarathotelandresidences
Not Found: /baccarat-hotel-and-residences
Not Found: /shamal-holding
Not Found: /valmodeliverypartner
Not Found: /valmo-delivery-partner
Not Found: /valmofranchise
Not Found: /valmo-franchise
Not Found: /valmologistics
Not Found: /valmo-logistics
Not Found: /hdfc-bank
Not Found: /hdfcbankcares
Not Found: /hdfcbank-cares
Not Found: /hdfcbankfinancialservices
Not Found: /hdfc-bank-financial-services
Not Found: /hdfcsecuritieslimited
Not Found: /hdfc-securities-limited
Not Found: /bharatconnect
Not Found: /bharat-bill-pay
Not Found: /bhimspoof
Not Found: /bhim-spoof
Not Found: /erupi
Not Found: /e-rupi
Not Found: /upiqr
Not Found: /upimoney
Not Found: /upi-money
Not Found: /upigateway
Not Found: /upi-gateway
Not Found: /upipay
Not Found: /upi-pay
Not Found: /aadharatmpay
Not Found: /npciinternationalpaymentslimited
Not Found: /npci-international-payments-limited
Not Found: /123pay
Not Found: /bhimcustomer
Not Found: /bhim-customer
Not Found: /bhimmakingindiacashless
Not Found: /bhim-making-india-cashless
Not Found: /bhimpayments
Not Found: /bhim-payments
Not Found: /bhimaadhaarpay
Not Found: /bhim-aadhaar-pay
Not Found: /nachapb
Not Found: /nach-apb
Not Found: /aadhaarpaymentbridge
Not Found: /aadhaar-payment-bridge
Not Found: /nachsystem
Not Found: /nach-system
Not Found: /bbpou
Not Found: /bharatbillpaymentoperatingunit
Not Found: /bharat-bill-payment-operating-unit
Not Found: /bbpcu
Not Found: /bharatbillpaymentcentralunit
Not Found: /bharat-bill-payment-central-unit
Not Found: /bharatbillpaymentsystem
Not Found: /bharat-bill-payment-system
Not Found: /rupayprepaidcard
Not Found: /rupay-prepaid-card
Not Found: /bharatqr
Not Found: /bharat-qr
Not Found: /rupayglobal
Not Found: /rupay-global
Not Found: /rupaycreditcard
Not Found: /rupay-credit-card
Not Found: /neftinternetbanking
Not Found: /neft-internet-banking
Not Found: /aadhaarauthentication
Not Found: /aadhaar-authentication
Not Found: /nfsswitch
Not Found: /nfs-switch
Not Found: /netctransactions
Not Found: /netc-transactions
Not Found: /netcprogram
Not Found: /netc-program
Not Found: /upihandle
Not Found: /upi-handle
Not Found: /netc-fastag
Not Found: /netcfastag
Not Found: /upiid
Not Found: /upi-id
Not Found: /upiapp
Not Found: /upi-app
Not Found: /bhimrecharge
Not Found: /bhim-recharge
Not Found: /bhimapp
Not Found: /bhim-app
Not Found: /upipin
Not Found: /upi-pin
Not Found: /bhim-upi
Not Found: /upi-chalega
Not Found: /rupayselect
Not Found: /rupay-select
Not Found: /rtgsnpci
Not Found: /rtgs-npci
Not Found: /onocnpci
Not Found: /onoc-npci
Not Found: /npcinet
Not Found: /nationalpayments
Not Found: /national-payments
Not Found: /npciclearinghouse
Not Found: /npci-clearing-house
Not Found: /ncmcwallet
Not Found: /ncmc-wallet
Not Found: /immediatepaymentsystem
Not Found: /immediate-payment-system
Not Found: /immediatepaymentservice
Not Found: /immediate-payment-service
Not Found: /upi-qr
Not Found: /npcivajra
Not Found: /npci-vajra
Not Found: /npcimapper
Not Found: /npci-mapper
Not Found: /virtualpaymentaddress
Not Found: /virtual-payment-address
Not Found: /rupayglobalclearingsystem
Not Found: /rupay-global-clearing-system
Not Found: /realtimegrosssettlement
Not Found: /real-time-gross-settlement
Not Found: /nationalunifiedussdplatform
Not Found: /national-unified-ussd-platform
Not Found: /nationalpaymentscorporationofindia
Not Found: /national-payments-corporation-of-india
Not Found: /nationalpaymentscorporation
Not Found: /national-payments-corporation
Not Found: /nationalfinancialswitch
Not Found: /national-financial-switch
Not Found: /nationalelectronictollcollection
Not Found: /national-electronic-toll-collection
Not Found: /nationalelectronicfundstransfer
Not Found: /national-electronic-funds-transfer
Not Found: /nationalcommonmobilitycard
Not Found: /national-common-mobility-card
Not Found: /nationalautomatedclearinghouse
Not Found: /national-automated-clearing-house
Not Found: /linkbasedpayment
Not Found: /link-based-payment
Not Found: /interoperablecashdeposit
Not Found: /interoperable-cash-deposit
Not Found: /interoperablecardlesscashwithdrawal
Not Found: /interoperable-cardless-cash-withdrawal
Not Found: /commonservicearea
Not Found: /common-service-area
Not Found: /cardtocardfundtransfer
Not Found: /card-to-card-fund-transfer
Not Found: /bharatecommercepaymentgateway
Not Found: /bharat-ecommerce-payment-gateway
Not Found: /bhimqr
Not Found: /bhim-qr
Not Found: /bharatswitch
Not Found: /bharat-switch
Not Found: /bharatinterfaceformoney
Not Found: /bharat-interface-for-money
Not Found: /bharatclearingsettlement
Not Found: /bharat-clearing-settlement
Not Found: /bharat-billpay
Not Found: /aadhaarnumberseeding
Not Found: /aadhaar-number-seeding
Not Found: /aadhaarenabledpaymentsystem
Not Found: /aadhaar-enabled-payment-system
Not Found: /unifiedpaymentsinterface
Not Found: /unified-payments-interface
Not Found: /npciupi
Not Found: /npci-upi
Not Found: /upinpci
Not Found: /upi-npci
Not Found: /chequetruncationsystem
Not Found: /cheque-truncation-system
Not Found: /ctsnpci
Not Found: /cts-npci
Not Found: /neftnpci
Not Found: /neft-npci
Not Found: /impsnpci
Not Found: /imps-npci
Not Found: /bhimnpci
Not Found: /bhim-npci
Not Found: /nachnpci
Not Found: /nach-npci
Not Found: /aepsnpci
Not Found: /aeps-npci
Not Found: /nuupnpci
Not Found: /nuup-npci
Not Found: /fastag
Not Found: /apbsnpci
Not Found: /apbs-npci
Not Found: /rupaycontactless
Not Found: /rupay-contactless
Not Found: /rgcsnpci
Not Found: /rgcs-npci
Not Found: /bbpsnpci
Not Found: /bbps-npci
Not Found: /bhimaadhaar
Not Found: /bhim-aadhaar
Not Found: /netcnpci
Not Found: /netc---npci
Not Found: /nfsnpci
Not Found: /nfs-npci
Not Found: /aeps
Not Found: /bhim
Not Found: /hdfcergouat
Not Found: /hdfcergo-uat
Not Found: /hdfc-ergo-uat
Not Found: /hdfcergohealthinsurancecompanylimited
Not Found: /hdfc-ergo-health-insurance-company-limited
Not Found: /hdfcergogeneralinsurancecompanylimited
Not Found: /hdfc-ergo-general-insurance-company-limited
Not Found: /hdfc-ergo
Not Found: /#
Not Found: /3ds.php
Not Found: /3ds.php
Not Found: /3ds1633693954432212
Not Found: /3ds1633693954432212
Not Found: /merchant/code
Not Found: /merchant/code
Not Found: /merchant/z/payment/
Not Found: /merchant/z/payment/
Not Found: /5/130/narodanimat-1/index.html
Not Found: /5/130/narodanimat-1/index.html
Not Found: /wordpress/
Not Found: /02119217046845b1ad41be4f48992506
Not Found: /825798b8-674a-4b73-b140-8a5e5e8fc8a4
Not Found: /84790e05-9af9-48d0-a1ef-c9b0e896db46
Not Found: /249057a2-0477-43dc-ac3e-f548b3bdbe4a/
Not Found: /card
Not Found: /carts
Not Found: /offer
Not Found: /upi
Not Found: /activate
Not Found: /coupon
Not Found: /hdfc
Not Found: /icici
Not Found: /upload
Not Found: /claim
Not Found: /www
Not Found: /users
Not Found: /store
Not Found: /login
Not Found: /web
Not Found: /prize
Not Found: /signin
Not Found: /uploads
Not Found: /apis
Not Found: /archives
Not Found: /configuration
Not Found: /file
Not Found: /auth
Not Found: /data
Not Found: /profile
Not Found: /ebanking
Not Found: /administrator
Not Found: /tests
Not Found: /orders
Not Found: /profiles
Not Found: /configurations
Not Found: /sys
Not Found: /unlock
Not Found: /user
Not Found: /loan
Not Found: /admin
Not Found: /tmp
Not Found: /authorization
Not Found: /services
Not Found: /invoice
Not Found: /download
Not Found: /accounts
Not Found: /deposit
Not Found: /banking
Not Found: /bankonline
Not Found: /archive
Not Found: /invoices
Not Found: /verify
Not Found: /system
Not Found: /backups
Not Found: /withdraw
Not Found: /private-data
Not Found: /update
Not Found: /root
Not Found: /settings
Not Found: /config
Not Found: /bank
Not Found: /transfer
Not Found: /files
Not Found: /order
Not Found: /account
Not Found: /management
Not Found: /confirm
Not Found: /credit
Not Found: /payment
Not Found: /authorize
Not Found: /transaction
Not Found: /temp
Not Found: /portal
Not Found: /verification
Not Found: /service
Not Found: /india
Not Found: /manage
Not Found: /dashboard
Not Found: /sales
Not Found: /billing
Not Found: /old
Not Found: /security
Not Found: /statement
Not Found: /clients
Not Found: /customer
Not Found: /help
Not Found: /secure
Not Found: /savings
Not Found: /support
Not Found: /shop
Not Found: /backup
Not Found: /log
Not Found: /refund
Not Found: /netbanking
Not Found: /balance
Not Found: /api
Not Found: /downloads
Not Found: /authentication
Not Found: /logs
Not Found: /private
Not Found: /test
Not Found: /cart
Not Found: /reward
Not Found: /client
Not Found: /checkout
Not Found: /adminpanel
Not Found: /controlpanel
Not Found: /cpanel
Not Found: /cp
Not Found: /staff
Not Found: /staffs
Not Found: /userpanel
Not Found: /member
Not Found: /members
Not Found: /signup
Not Found: /register
Not Found: /registration
Not Found: /password
Not Found: /password-reset
Not Found: /password-recovery
Not Found: /reset
Not Found: /recover
Not Found: /session
Not Found: /sessions
Not Found: /token
Not Found: /tokens
Not Found: /key
Not Found: /keys
Not Found: /secret
Not Found: /secrets
Not Found: /config.php
Not Found: /index.php
Not Found: /home
Not Found: /home-page
Not Found: /main
Not Found: /default
Not Found: /public
Not Found: /hidden
Not Found: /hidden-files
Not Found: /cache
Not Found: /caches
Not Found: /db
Not Found: /database
Not Found: /databases
Not Found: /sql
Not Found: /dbadmin
Not Found: /phpmyadmin
Not Found: /webmail
Not Found: /email
Not Found: /emails
Not Found: /mail
Not Found: /mailer
Not Found: /contact.php
Not Found: /iciciventure
Not Found: /icicibank
Not Found: /icicibankltd
Not Found: /icicihfc
Not Found: /icicibankbahrain
Not Found: /icicidirect
Not Found: /npcisupport
Not Found: /bharat-connect
Not Found: /nipl
Not Found: /nfinite
Not Found: /digisaathi
Not Found: /upichalega
Not Found: /bharatbillpay
Not Found: /netc
Not Found: /npci
Not Found: /rupay
Not Found: /bhimupi
Not Found: /icicilombard
Not Found: /icicilombardemail
Not Found: /icicigroupcompanies
Not Found: /insurancepp
Not Found: /prodicicilombard
Not Found: /insuranceprod
Not Found: /autoninja
Not Found: /ilgicltd
Not Found: /ilomgic
Not Found: /ilomgeneralinsurance
Not Found: /ilom
Not Found: /hellowin
Not Found: /hellowyn
Not Found: /icicilombardmail
Not Found: /engage-il
Not Found: /myicicilombard
Not Found: /ilgic
Not Found: /icici-lombard
Not Found: /icicilombardmails
Not Found: /ninjacrm
Not Found: /ilgicdash
Not Found: /itraceit
Not Found: /insurancearticlez
Not Found: /hdfcbankfastag
Not Found: /hdfclifere
Not Found: /hdfclife
Not Found: /hdfcpension
Not Found: /hdfchealth
Not Found: /hdfclife-international
Not Found: /life99
Not Found: /htparekhfoundation
Not Found: /thehdfcschool
Not Found: /hdfccredila
Not Found: /hdfcfund
Not Found: /hdfccapital
Not Found: /hdfcpropertyfund
Not Found: /hdfcsales
Not Found: /hdfcbk
Not Found: /hbctxdom
Not Found: /hdbfs
Not Found: /hdfcsec
Not Found: /hdfcbankbahrain
Not Found: /hdfcbankhongkong
Not Found: /hdfcbank
Not Found: /naiaisland
Not Found: /shamal
Not Found: /meraas
Not Found: /skydiveempuriabrava
Not Found: /theespressolab
Not Found: /hartshoreditch
Not Found: /fiveguys
Not Found: /sushisamba
Not Found: /zabeelinvestments
Not Found: /xyogadubai
Not Found: /xparkjr
Not Found: /thooq
Not Found: /thewppa
Not Found: /thesquareatnas
Not Found: /skyhub
Not Found: /shoofo
Not Found: /shamalinvestments
Not Found: /shamalgroup
Not Found: /shamaldevelopment
Not Found: /risellc
Not Found: /randsinvestments
Not Found: /nasgardensquare
Not Found: /nasgardens
Not Found: /jiwin-invest
Not Found: /gofast
Not Found: /extremeflight
Not Found: /dropzone
Not Found: /deepdivedubai
Not Found: /bcresidences
Not Found: /almedmar
Not Found: /almaktab
Not Found: /cruisedubai
Not Found: /csfcamps
Not Found: /reprobiotech
Not Found: /dubai360
Not Found: /0-gravity
Not Found: /baccaratresidencesdubai
Not Found: /fishfarm
Not Found: /jetman
Not Found: /inflightdubai
Not Found: /dubaifilm
Not Found: /dubaiharbourresidences
Not Found: /skydivedubai
Not Found: /xdubaishop
Not Found: /xdubai
Not Found: /kitebeach
Not Found: /dubaiharbour
Not Found: /shamalholding
Not Found: /meeshoaiservices
Not Found: /meeshogrocery
Not Found: /valmo
Not Found: /meeshosuppliers
Not Found: /meeshosupplier
Not Found: /meeshoapp
Not Found: /meeshodesign
Not Found: /meesho
Not Found: /allthingsev
Not Found: /hdfcergohealth
Not Found: /hdfcergoknowledge
Not Found: /hdfcergo
Not Found: /icicicareers
Not Found: /icici-careers
Not Found: /icicibankcreditcard
Not Found: /icici-bank-credit-card
Not Found: /icicibankcustomercare
Not Found: /icici-bank-customer-care
Not Found: /icicipoint
Not Found: /icici-point
Not Found: /icicireward
Not Found: /icici-reward
Not Found: /icici-bank
Not Found: /valmodeliverypartner
Not Found: /valmo-delivery-partner
Not Found: /valmofranchise
Not Found: /valmo-franchise
Not Found: /valmologistics
Not Found: /valmo-logistics
Not Found: /hdfcergouat
Not Found: /hdfcergo-uat
Not Found: /hdfc-ergo-uat
Not Found: /hdfcergohealthinsurancecompanylimited
Not Found: /hdfc-ergo-health-insurance-company-limited
Not Found: /hdfcergogeneralinsurancecompanylimited
Not Found: /hdfc-ergo-general-insurance-company-limited
Not Found: /hdfc-ergo
Not Found: /hdfc-bank
Not Found: /hdfcbankcares
Not Found: /hdfcbank-cares
Not Found: /hdfcbankfinancialservices
Not Found: /hdfc-bank-financial-services
Not Found: /hdfcsecuritieslimited
Not Found: /hdfc-securities-limited
Not Found: /lombardicici
Not Found: /lombard-icici
Not Found: /ottobuddy
Not Found: /otto-buddy
Not Found: /iltakecare
Not Found: /il-take-care
Not Found: /icicilombardgic
Not Found: /icici-lombard-gic
Not Found: /ipartnermobileicicilombard
Not Found: /ipartner-mobile-icici-lombard
Not Found: /icicilombardozone
Not Found: /icici-lombard-ozone
Not Found: /bharatconnect
Not Found: /bharat-bill-pay
Not Found: /bhimspoof
Not Found: /bhim-spoof
Not Found: /erupi
Not Found: /e-rupi
Not Found: /upiqr
Not Found: /upimoney
Not Found: /upi-money
Not Found: /upigateway
Not Found: /upi-gateway
Not Found: /upipay
Not Found: /upi-pay
Not Found: /aadharatmpay
Not Found: /npciinternationalpaymentslimited
Not Found: /npci-international-payments-limited
Not Found: /123pay
Not Found: /bhimcustomer
Not Found: /bhim-customer
Not Found: /bhimmakingindiacashless
Not Found: /bhim-making-india-cashless
Not Found: /bhimpayments
Not Found: /bhim-payments
Not Found: /bhimaadhaarpay
Not Found: /bhim-aadhaar-pay
Not Found: /nachapb
Not Found: /nach-apb
Not Found: /aadhaarpaymentbridge
Not Found: /aadhaar-payment-bridge
Not Found: /nachsystem
Not Found: /nach-system
Not Found: /bbpou
Not Found: /bharatbillpaymentoperatingunit
Not Found: /bharat-bill-payment-operating-unit
Not Found: /bbpcu
Not Found: /bharatbillpaymentcentralunit
Not Found: /bharat-bill-payment-central-unit
Not Found: /bharatbillpaymentsystem
Not Found: /bharat-bill-payment-system
Not Found: /rupay-prepaid-card
Not Found: /rupayprepaidcard
Not Found: /bharatqr
Not Found: /bharat-qr
Not Found: /rupayglobal
Not Found: /rupay-global
Not Found: /rupaycreditcard
Not Found: /rupay-credit-card
Not Found: /neftinternetbanking
Not Found: /neft-internet-banking
Not Found: /aadhaarauthentication
Not Found: /aadhaar-authentication
Not Found: /nfsswitch
Not Found: /nfs-switch
Not Found: /netctransactions
Not Found: /netc-transactions
Not Found: /netcprogram
Not Found: /netc-program
Not Found: /upihandle
Not Found: /upi-handle
Not Found: /netcfastag
Not Found: /netc-fastag
Not Found: /upiid
Not Found: /upi-id
Not Found: /upiapp
Not Found: /upi-app
Not Found: /bhimrecharge
Not Found: /bhim-recharge
Not Found: /bhimapp
Not Found: /bhim-app
Not Found: /upipin
Not Found: /upi-pin
Not Found: /bhim-upi
Not Found: /upi-chalega
Not Found: /rupayselect
Not Found: /rupay-select
Not Found: /rtgsnpci
Not Found: /rtgs-npci
Not Found: /onocnpci
Not Found: /onoc-npci
Not Found: /npcinet
Not Found: /nationalpayments
Not Found: /national-payments
Not Found: /npciclearinghouse
Not Found: /npci-clearing-house
Not Found: /ncmcwallet
Not Found: /ncmc-wallet
Not Found: /immediatepaymentsystem
Not Found: /immediate-payment-system
Not Found: /immediatepaymentservice
Not Found: /immediate-payment-service
Not Found: /upi-qr
Not Found: /npcivajra
Not Found: /npci-vajra
Not Found: /npcimapper
Not Found: /npci-mapper
Not Found: /virtualpaymentaddress
Not Found: /virtual-payment-address
Not Found: /rupayglobalclearingsystem
Not Found: /rupay-global-clearing-system
Not Found: /realtimegrosssettlement
Not Found: /real-time-gross-settlement
Not Found: /nationalunifiedussdplatform
Not Found: /national-unified-ussd-platform
Not Found: /nationalpaymentscorporationofindia
Not Found: /national-payments-corporation-of-india
Not Found: /nationalpaymentscorporation
Not Found: /national-payments-corporation
Not Found: /nationalfinancialswitch
Not Found: /national-financial-switch
Not Found: /nationalelectronictollcollection
Not Found: /national-electronic-toll-collection
Not Found: /nationalelectronicfundstransfer
Not Found: /national-electronic-funds-transfer
Not Found: /nationalcommonmobilitycard
Not Found: /national-common-mobility-card
Not Found: /nationalautomatedclearinghouse
Not Found: /national-automated-clearing-house
Not Found: /linkbasedpayment
Not Found: /link-based-payment
Not Found: /interoperablecashdeposit
Not Found: /interoperable-cash-deposit
Not Found: /interoperablecardlesscashwithdrawal
Not Found: /interoperable-cardless-cash-withdrawal
Not Found: /commonservicearea
Not Found: /common-service-area
Not Found: /cardtocardfundtransfer
Not Found: /card-to-card-fund-transfer
Not Found: /bharatecommercepaymentgateway
Not Found: /bharat-ecommerce-payment-gateway
Not Found: /bhimqr
Not Found: /bhim-qr
Not Found: /bharatswitch
Not Found: /bharat-switch
Not Found: /bharatinterfaceformoney
Not Found: /bharat-interface-for-money
Not Found: /bharatclearingsettlement
Not Found: /bharat-clearing-settlement
Not Found: /bharat-billpay
Not Found: /aadhaarnumberseeding
Not Found: /aadhaar-number-seeding
Not Found: /aadhaarenabledpaymentsystem
Not Found: /aadhaar-enabled-payment-system
Not Found: /unifiedpaymentsinterface
Not Found: /unified-payments-interface
Not Found: /npciupi
Not Found: /npci-upi
Not Found: /upinpci
Not Found: /upi-npci
Not Found: /chequetruncationsystem
Not Found: /cheque-truncation-system
Not Found: /ctsnpci
Not Found: /cts-npci
Not Found: /neftnpci
Not Found: /neft-npci
Not Found: /impsnpci
Not Found: /imps-npci
Not Found: /bhimnpci
Not Found: /bhim-npci
Not Found: /nachnpci
Not Found: /nach-npci
Not Found: /aepsnpci
Not Found: /aeps-npci
Not Found: /nuupnpci
Not Found: /nuup-npci
Not Found: /fastag
Not Found: /apbsnpci
Not Found: /apbs-npci
Not Found: /rupaycontactless
Not Found: /rupay-contactless
Not Found: /rgcsnpci
Not Found: /rgcs-npci
Not Found: /bbpsnpci
Not Found: /bbps-npci
Not Found: /bhimaadhaar
Not Found: /bhim-aadhaar
Not Found: /netcnpci
Not Found: /netc---npci
Not Found: /nfsnpci
Not Found: /nfs-npci
Not Found: /aeps
Not Found: /bhim
Not Found: /naiaislanddubai
Not Found: /naia-island-dubai
Not Found: /discovernaia
Not Found: /discover-naia
Not Found: /experiencenaia
Not Found: /experience-naia
Not Found: /visitnaiadubai
Not Found: /visit-naiadubai
Not Found: /naiadubae
Not Found: /naia-dubae
Not Found: /naiadubay
Not Found: /naia-dubay
Not Found: /visitnaia-dubai
Not Found: /naia-islanddubai
Not Found: /naiadubaiisland
Not Found: /naia-dubaiisland
Not Found: /naiadubai
Not Found: /naia-dubai
Not Found: /stayatnaia
Not Found: /stayat-naia
Not Found: /naia-island
Not Found: /naidubai
Not Found: /naaiaisland
Not Found: /naaia-island
Not Found: /naiaaisland
Not Found: /naiaa-island
Not Found: /nayaaisland
Not Found: /nayaa-island
Not Found: /nayaisland
Not Found: /naya-island
Not Found: /naiaislandproject
Not Found: /naia-island-project
Not Found: /naia-dubai-island
Not Found: /shamalisland
Not Found: /shamal-island
Not Found: /theislandummsuqeim
Not Found: /the-island-umm-suqeim
Not Found: /islandatummsuqeim
Not Found: /island-at-umm-suqeim
Not Found: /ummsuqeimislanddubai
Not Found: /umm-suqeim-island-dubai
Not Found: /ummsuqeimislandbyshamal
Not Found: /umm-suqeim-island-by-shamal
Not Found: /ummsuqeimisland
Not Found: /umm-suqeim-island
Not Found: /islandbyshamal
Not Found: /island-by-shamal
Not Found: /theislandbyshamal
Not Found: /the-island-by-shamal
Not Found: /skydivedubaiaed
Not Found: /skydive-dubai-aed
Not Found: /almeidavillas
Not Found: /al-meida-villas
Not Found: /nadalshebagarden
Not Found: /nad-al-sheba-garden
Not Found: /0gravitydubai
Not Found: /0-gravity-dubai
Not Found: /0gravitybeachclub
Not Found: /0-gravity-beachclub
Not Found: /xdubai-shop
Not Found: /baccarat-residences-dubai
Not Found: /kitebeachdubai
Not Found: /kite-beach-dubai
Not Found: /fishfarmdubai
Not Found: /fish-farm-dubai
Not Found: /fishfarmllc
Not Found: /fish-farm-llc
Not Found: /dubaiharbourmarinas
Not Found: /dubai-harbour-marinas
Not Found: /zabeelsaray
Not Found: /zabeel-saray
Not Found: /skyhubdubai
Not Found: /skyhub-dubai
Not Found: /inflight-dubai
Not Found: /deep-dive-dubai
Not Found: /xdubaipark
Not Found: /dubai-harbour-residences
Not Found: /baccarathotelandresidences
Not Found: /baccarat-hotel-and-residences
Not Found: /shamal-holding
Not Found: /api
[2025-10-08 01:37:27 +0000] [15289] [INFO] Handling signal: hup
[2025-10-08 01:37:27 +0000] [15289] [INFO] Hang up: Master
[2025-10-08 01:37:27 +0000] [15289] [ERROR] Worker (pid:15290) was sent SIGHUP!
[2025-10-08 01:37:27 +0000] [17463] [INFO] Booting worker with pid: 17463
[2025-10-08 01:41:33 +0000] [15289] [INFO] Handling signal: hup
[2025-10-08 01:41:33 +0000] [15289] [INFO] Hang up: Master
[2025-10-08 01:41:33 +0000] [15289] [ERROR] Worker (pid:17463) was sent SIGHUP!
[2025-10-08 01:41:33 +0000] [17511] [INFO] Booting worker with pid: 17511
[2025-10-08 01:51:47 +0000] [15289] [INFO] Handling signal: hup
[2025-10-08 01:51:47 +0000] [15289] [INFO] Hang up: Master
[2025-10-08 01:51:47 +0000] [15289] [ERROR] Worker (pid:17511) was sent SIGHUP!
[2025-10-08 01:51:47 +0000] [17546] [INFO] Booting worker with pid: 17546
[2025-10-08 01:53:49 +0000] [15289] [INFO] Handling signal: hup
[2025-10-08 01:53:49 +0000] [15289] [INFO] Hang up: Master
[2025-10-08 01:53:49 +0000] [15289] [ERROR] Worker (pid:17546) was sent SIGHUP!
[2025-10-08 01:53:49 +0000] [17579] [INFO] Booting worker with pid: 17579
[2025-10-08 01:57:16 +0000] [15289] [INFO] Handling signal: hup
[2025-10-08 01:57:16 +0000] [15289] [INFO] Hang up: Master
[2025-10-08 01:57:16 +0000] [15289] [ERROR] Worker (pid:17579) was sent SIGHUP!
[2025-10-08 01:57:16 +0000] [17597] [INFO] Booting worker with pid: 17597
Not Found: //wp-includes/wlwmanifest.xml
Not Found: //xmlrpc.php
Not Found: //blog/wp-includes/wlwmanifest.xml
Not Found: //web/wp-includes/wlwmanifest.xml
Not Found: //wordpress/wp-includes/wlwmanifest.xml
Not Found: //website/wp-includes/wlwmanifest.xml
Not Found: //wp/wp-includes/wlwmanifest.xml
Not Found: //news/wp-includes/wlwmanifest.xml
Not Found: //2018/wp-includes/wlwmanifest.xml
Not Found: //2019/wp-includes/wlwmanifest.xml
Not Found: //shop/wp-includes/wlwmanifest.xml
Not Found: //wp1/wp-includes/wlwmanifest.xml
Not Found: //test/wp-includes/wlwmanifest.xml
Not Found: //media/wp-includes/wlwmanifest.xml
Not Found: //wp2/wp-includes/wlwmanifest.xml
Not Found: //site/wp-includes/wlwmanifest.xml
Not Found: //cms/wp-includes/wlwmanifest.xml
Not Found: //sito/wp-includes/wlwmanifest.xml
Not Found: //wp-includes/wlwmanifest.xml
Not Found: //xmlrpc.php
Not Found: //blog/wp-includes/wlwmanifest.xml
Not Found: //web/wp-includes/wlwmanifest.xml
Not Found: //wordpress/wp-includes/wlwmanifest.xml
Not Found: //website/wp-includes/wlwmanifest.xml
Not Found: //wp/wp-includes/wlwmanifest.xml
Not Found: //news/wp-includes/wlwmanifest.xml
Not Found: //2018/wp-includes/wlwmanifest.xml
Not Found: //2019/wp-includes/wlwmanifest.xml
Not Found: //shop/wp-includes/wlwmanifest.xml
Not Found: //wp1/wp-includes/wlwmanifest.xml
Not Found: //test/wp-includes/wlwmanifest.xml
Not Found: //media/wp-includes/wlwmanifest.xml
Not Found: //wp2/wp-includes/wlwmanifest.xml
Not Found: //site/wp-includes/wlwmanifest.xml
Not Found: //cms/wp-includes/wlwmanifest.xml
Not Found: //sito/wp-includes/wlwmanifest.xml
Not Found: /wp-login.php
Not Found: //wp-includes/wlwmanifest.xml
Not Found: //xmlrpc.php
Not Found: //blog/wp-includes/wlwmanifest.xml
Not Found: //web/wp-includes/wlwmanifest.xml
Not Found: //wordpress/wp-includes/wlwmanifest.xml
Not Found: //website/wp-includes/wlwmanifest.xml
Not Found: //wp/wp-includes/wlwmanifest.xml
Not Found: //news/wp-includes/wlwmanifest.xml
Not Found: //2018/wp-includes/wlwmanifest.xml
Not Found: //2019/wp-includes/wlwmanifest.xml
Not Found: //shop/wp-includes/wlwmanifest.xml
Not Found: //wp1/wp-includes/wlwmanifest.xml
Not Found: //test/wp-includes/wlwmanifest.xml
Not Found: //media/wp-includes/wlwmanifest.xml
Not Found: //wp2/wp-includes/wlwmanifest.xml
Not Found: //site/wp-includes/wlwmanifest.xml
Not Found: //cms/wp-includes/wlwmanifest.xml
Not Found: //sito/wp-includes/wlwmanifest.xml
Not Found: //wp-includes/ID3/license.txt
Not Found: //feed/
Not Found: //xmlrpc.php
Not Found: //blog/wp-includes/wlwmanifest.xml
Not Found: //web/wp-includes/wlwmanifest.xml
Not Found: //wordpress/wp-includes/wlwmanifest.xml
Not Found: //wp/wp-includes/wlwmanifest.xml
Not Found: //2020/wp-includes/wlwmanifest.xml
Not Found: //2019/wp-includes/wlwmanifest.xml
Not Found: //2021/wp-includes/wlwmanifest.xml
Not Found: //shop/wp-includes/wlwmanifest.xml
Not Found: //wp1/wp-includes/wlwmanifest.xml
Not Found: //test/wp-includes/wlwmanifest.xml
Not Found: //site/wp-includes/wlwmanifest.xml
Not Found: //cms/wp-includes/wlwmanifest.xml
Not Found: /.git/config
Invalid HTTP_HOST header: '4074029014.other.ke'. You may need to add '4074029014.other.ke' to ALLOWED_HOSTS.
Traceback (most recent call last):
  File "/home/ubuntu/.cache/pypoetry/virtualenvs/rewardshub-tAgjmBIm-py3.12/lib/python3.12/site-packages/django/core/handlers/exception.py", line 55, in inner
    response = get_response(request)
               ^^^^^^^^^^^^^^^^^^^^^
  File "/home/ubuntu/.cache/pypoetry/virtualenvs/rewardshub-tAgjmBIm-py3.12/lib/python3.12/site-packages/django/utils/deprecation.py", line 119, in __call__
    response = self.process_request(request)
               ^^^^^^^^^^^^^^^^^^^^^^^^^^^^^
  File "/home/ubuntu/.cache/pypoetry/virtualenvs/rewardshub-tAgjmBIm-py3.12/lib/python3.12/site-packages/django/middleware/common.py", line 48, in process_request
    host = request.get_host()
           ^^^^^^^^^^^^^^^^^^
  File "/home/ubuntu/.cache/pypoetry/virtualenvs/rewardshub-tAgjmBIm-py3.12/lib/python3.12/site-packages/django/http/request.py", line 202, in get_host
    raise DisallowedHost(msg)
django.core.exceptions.DisallowedHost: Invalid HTTP_HOST header: '4074029014.other.ke'. You may need to add '4074029014.other.ke' to ALLOWED_HOSTS.
Invalid HTTP_HOST header: '4074029014.other.ke'. You may need to add '4074029014.other.ke' to ALLOWED_HOSTS.
Traceback (most recent call last):
  File "/home/ubuntu/.cache/pypoetry/virtualenvs/rewardshub-tAgjmBIm-py3.12/lib/python3.12/site-packages/django/core/handlers/exception.py", line 55, in inner
    response = get_response(request)
               ^^^^^^^^^^^^^^^^^^^^^
  File "/home/ubuntu/.cache/pypoetry/virtualenvs/rewardshub-tAgjmBIm-py3.12/lib/python3.12/site-packages/django/utils/deprecation.py", line 119, in __call__
    response = self.process_request(request)
               ^^^^^^^^^^^^^^^^^^^^^^^^^^^^^
  File "/home/ubuntu/.cache/pypoetry/virtualenvs/rewardshub-tAgjmBIm-py3.12/lib/python3.12/site-packages/django/middleware/common.py", line 48, in process_request
    host = request.get_host()
           ^^^^^^^^^^^^^^^^^^
  File "/home/ubuntu/.cache/pypoetry/virtualenvs/rewardshub-tAgjmBIm-py3.12/lib/python3.12/site-packages/django/http/request.py", line 202, in get_host
    raise DisallowedHost(msg)
django.core.exceptions.DisallowedHost: Invalid HTTP_HOST header: '4074029014.other.ke'. You may need to add '4074029014.other.ke' to ALLOWED_HOSTS.
Invalid HTTP_HOST header: '4074029014.other.ke'. You may need to add '4074029014.other.ke' to ALLOWED_HOSTS.
Traceback (most recent call last):
  File "/home/ubuntu/.cache/pypoetry/virtualenvs/rewardshub-tAgjmBIm-py3.12/lib/python3.12/site-packages/django/core/handlers/exception.py", line 55, in inner
    response = get_response(request)
               ^^^^^^^^^^^^^^^^^^^^^
  File "/home/ubuntu/.cache/pypoetry/virtualenvs/rewardshub-tAgjmBIm-py3.12/lib/python3.12/site-packages/django/utils/deprecation.py", line 119, in __call__
    response = self.process_request(request)
               ^^^^^^^^^^^^^^^^^^^^^^^^^^^^^
  File "/home/ubuntu/.cache/pypoetry/virtualenvs/rewardshub-tAgjmBIm-py3.12/lib/python3.12/site-packages/django/middleware/common.py", line 48, in process_request
    host = request.get_host()
           ^^^^^^^^^^^^^^^^^^
  File "/home/ubuntu/.cache/pypoetry/virtualenvs/rewardshub-tAgjmBIm-py3.12/lib/python3.12/site-packages/django/http/request.py", line 202, in get_host
    raise DisallowedHost(msg)
django.core.exceptions.DisallowedHost: Invalid HTTP_HOST header: '4074029014.other.ke'. You may need to add '4074029014.other.ke' to ALLOWED_HOSTS.
Invalid HTTP_HOST header: '4074029014.other.ke'. You may need to add '4074029014.other.ke' to ALLOWED_HOSTS.
Traceback (most recent call last):
  File "/home/ubuntu/.cache/pypoetry/virtualenvs/rewardshub-tAgjmBIm-py3.12/lib/python3.12/site-packages/django/core/handlers/exception.py", line 55, in inner
    response = get_response(request)
               ^^^^^^^^^^^^^^^^^^^^^
  File "/home/ubuntu/.cache/pypoetry/virtualenvs/rewardshub-tAgjmBIm-py3.12/lib/python3.12/site-packages/django/utils/deprecation.py", line 119, in __call__
    response = self.process_request(request)
               ^^^^^^^^^^^^^^^^^^^^^^^^^^^^^
  File "/home/ubuntu/.cache/pypoetry/virtualenvs/rewardshub-tAgjmBIm-py3.12/lib/python3.12/site-packages/django/middleware/common.py", line 48, in process_request
    host = request.get_host()
           ^^^^^^^^^^^^^^^^^^
  File "/home/ubuntu/.cache/pypoetry/virtualenvs/rewardshub-tAgjmBIm-py3.12/lib/python3.12/site-packages/django/http/request.py", line 202, in get_host
    raise DisallowedHost(msg)
django.core.exceptions.DisallowedHost: Invalid HTTP_HOST header: '4074029014.other.ke'. You may need to add '4074029014.other.ke' to ALLOWED_HOSTS.
Not Found: /api
Not Found: /sites/all/modules/plupload/examples/upload.php
Not Found: /sitemap.xml
Not Found: /robots.txt
Not Found: /robots.txt
Not Found: /robots.txt
Not Found: /owa/auth/x.js
Not Found: /wp-login.php
Not Found: /#
Not Found: /robots.txt
Not Found: /api
Not Found: /phpinfo
Not Found: /phpinfo.php
Not Found: /env/.env
Not Found: /api/.env
Not Found: /app/.env
Not Found: /dev/.env
Not Found: /new/.env
Not Found: /new/.env.local
Not Found: /new/.env.production
Not Found: /new/.env.staging
Not Found: /_phpinfo.php
Not Found: /_profiler/phpinfo
Not Found: /_profiler/phpinfo
Not Found: /_profiler/phpinfo/info.php
Not Found: /_profiler/phpinfo/phpinfo.php
Not Found: /wp-config
Not Found: /aws-secret.yaml
Not Found: /awstats/.env
Not Found: /conf/.env
Not Found: /cron/.env
Not Found: /www/.env
Not Found: /docker/.env
Not Found: /docker/app/.env
Not Found: /env.backup
Not Found: /xampp/phpinfo.php
Not Found: /lara/info.php
Not Found: /lara/phpinfo.php
Not Found: /laravel/info.php
Not Found: /.vscode/.env
Not Found: /.vscode/.env
Not Found: /js/.env
Not Found: /laravel/.env
Not Found: /laravel/core/.env
Not Found: /mail/.env
Not Found: /mailer/.env
Not Found: /nginx/.env
Not Found: /public/.env
Not Found: /site/.env
Not Found: /xampp/.env
Not Found: /main/.env
Not Found: /node_modules/.env
Not Found: /kyc/.env
Not Found: /admin/.env
Not Found: /prod/.env
Not Found: /.env.bak
Not Found: /api/shared/config/config.env
Not Found: /api/shared/config.env
Not Found: /config.env
Not Found: /website/.env
Not Found: /development/.env
Not Found: /backend/.env
Not Found: /api/shared/config/.env
Not Found: /api/shared/.env
Not Found: /api/config.env
Not Found: /service/email_service.py
Not Found: /node/.env_example
Not Found: /node/.env_example
Not Found: /.env.production.local
Not Found: /.env.local
Not Found: /.env.example
Not Found: /.env.example
Not Found: /.env.stage
Not Found: /server/config/database.js
Not Found: /.env.old
Not Found: /.env_sample
Not Found: /scripts/nodemailer.js
Not Found: /.env.prod
Not Found: /crm/.env
Not Found: /local/.env
Not Found: /core/.env
Not Found: /apps/.env
Not Found: /application/.env
Not Found: /web/.env
Not Found: /.aws/credentials
Not Found: /wp-config.php.bak
Not Found: /info.php
Not Found: /dashboard/phpinfo.php
Not Found: /admin/server_info.php
Not Found: /server_info.php
Not Found: /app_dev.php/_profiler/phpinfo
Not Found: /test.php
Not Found: /server-info
Not Found: /server-info.php
Not Found: /secured/phpinfo.php
Not Found: /config.js
Not Found: /server.js
Not Found: /appsettings.json
Not Found: /shared/config/config.js
Not Found: /config/aws.yml
Not Found: /settings.py
Not Found: /config.json
Not Found: /main.js
Not Found: /config/constants.js
Not Found: /application.properties
Not Found: /public/js/main.js
Not Found: /js/main.js
Not Found: /storage/logs/laravel.log
Not Found: /karma.conf.json
Not Found: /swagger.json
Not Found: /swagger.js
Not Found: /gatsby-config.js
Not Found: /backend/config/default.yml
Not Found: /app.py
Not Found: /admin/controllers/merchant.js
Not Found: /admin/controllers/partner.js
Not Found: /api/config.js
Not Found: /api/objects/codes.php.save
Not Found: /apis/config/config.js
Not Found: /apis/controllers/users.js
Not Found: /app.js
Not Found: /backend/config/development.yml
Not Found: /cloud/Scraper.js
Not Found: /config/application.yml
Not Found: /config/storage.yml
Not Found: /configs/routes-4aug.js
Not Found: /configs/routes.js
Not Found: /configs/s3_config.json
Not Found: /controller/admin/post.js
Not Found: /controller/api/post.js
Not Found: /controllers/settings.js
Not Found: /getcpuutil.php-bakworking
Not Found: /helper.js
Not Found: /helper/EmailHelper.js
Not Found: /index.js
Not Found: /index.html
Not Found: /my_env/chakaash.py
Not Found: /my_env/newsletter.py
Not Found: /my_env/palash.py
Not Found: /mytest/astech_robot.js
Not Found: /partner/config/config.js
Not Found: /config/settings.json
Not Found: /config/settings.local
Not Found: /.circleci/configs/development.yml
Not Found: /config/settings.prod
Not Found: /app/config/parameters.yml
Not Found: /config/parameters.yml
Not Found: /user/config/config.js
Not Found: /user/controllers/index.js
Not Found: /.AWS_/credentials
Not Found: /config/local.yml
Not Found: /backend/config/settings.yml
Not Found: /api/config/config.yml
Not Found: /admin/config
Not Found: /appsettings.json
Not Found: /.travis.yml
Not Found: /aws.yml
Not Found: /sms.py
Not Found: /config/config.json
Not Found: /main.yml
Not Found: /helpers/utility.js
Not Found: /server/s3.js
Not Found: /s3.js
Not Found: /debug/default/view
Not Found: /aws/credentials
Not Found: /.aws/config
Not Found: //wp-includes/ID3/license.txt
Not Found: //feed/
Not Found: //xmlrpc.php
Not Found: //blog/wp-includes/wlwmanifest.xml
Not Found: //web/wp-includes/wlwmanifest.xml
Not Found: //wordpress/wp-includes/wlwmanifest.xml
Not Found: //wp/wp-includes/wlwmanifest.xml
Not Found: //2020/wp-includes/wlwmanifest.xml
Not Found: //2019/wp-includes/wlwmanifest.xml
Not Found: //2021/wp-includes/wlwmanifest.xml
Not Found: //shop/wp-includes/wlwmanifest.xml
Not Found: //wp1/wp-includes/wlwmanifest.xml
Not Found: //test/wp-includes/wlwmanifest.xml
Not Found: //site/wp-includes/wlwmanifest.xml
Not Found: //cms/wp-includes/wlwmanifest.xml
Not Found: /owa/
Not Found: /.env
Not Found: /robots.txt
Not Found: /robots.txt
Not Found: /autodiscover/autodiscover.json
Not Found: /.env
Not Found: /developmentserver/metadatauploader
Not Found: //.env.db
Not Found: //.env.angular
Not Found: //.env.template
Not Found: //.env.sample
Not Found: //.env.orig
Not Found: /.env_sample
Not Found: //public/.env.example
Not Found: /.env.backup
Not Found: //.env.dev
Not Found: //.env.old
Not Found: //backend/.env
Not Found: //admin/.env
Not Found: //main/.env
Not Found: //.env.copy
Not Found: //.database.env
Not Found: //.env~
Not Found: //.svn/text-base/.env
Not Found: //.env.docker
Not Found: //.env.www
Not Found: //lib/.env
Not Found: //test/.env
Not Found: //.env.postgres
Not Found: //laravel/.env
Not Found: //log/.env
Not Found: //.env.test
Not Found: //.env.live
Not Found: //.env
Not Found: //.env_old
Not Found: //.env.example.1
Not Found: //.env.elastic
Not Found: //.env.swp
Not Found: //api/.env
Not Found: //application/.env
Not Found: //sitemaps/.env
Not Found: //tools/.env
Not Found: //apps/.env
Not Found: //tests/.env
Not Found: /.env_old
Not Found: //uploads/.env
Not Found: //lab/.env
Not Found: //.env.test.local
Not Found: //.env.project
Not Found: //psnlink/.env
Not Found: //.env_sample
Not Found: /api
Not Found: /.env.dev
Not Found: /.remote.env
Not Found: //core/Datavase/.env
Not Found: //.env.remote
Not Found: /.env.sqlite
Not Found: //app/.env
Not Found: //config/.env
Not Found: //.env.development
Not Found: //assets/.env
Not Found: //.env.prod
Not Found: //exapi/.env
Not Found: //apps/.gitignore
Not Found: //.env.testing
Not Found: /.env.testing
Not Found: //.env.backup
Not Found: /.env.debug
Not Found: //laravel/.env.local
Not Found: //core/app/.env
Not Found: //upload/.env
Not Found: //.env.save
Not Found: //.env.production
Not Found: //en/.env
Not Found: //api/v2/.env
Not Found: /.env.test.local
Not Found: //v2/.env
Not Found: //.env.bak
Not Found: /.env.docker
Not Found: //database/.env
Not Found: //.env.local
Not Found: /.env.swp
Not Found: //.env.bkp
Not Found: //saas/.env
Not Found: //.env.debug
Not Found: //API/.env
Not Found: //es/.env
Not Found: //.env.staging
Not Found: //.env.sqlite
Not Found: /.env.live
Not Found: //.env.example
Not Found: //cron/.env
Not Found: //api/.env.example
Not Found: //public/.env
Not Found: //web/.env.example
Not Found: //site/.env
Not Found: //.environment
Not Found: //core/.env
Not Found: //vendor/.env
Not Found: /.env
Not Found: /.env.bkp
Not Found: //administrator/.env
Not Found: //cronlab/.env
Not Found: //web/.env
Not Found: //v1/.env
Not Found: /.env.old
Not Found: //.env.zip
Not Found: /.git/config
Not Found: /robots.txt
Not Found: /helpdesk/WebObjects/Helpdesk.woa
Not Found: /aa.php
Not Found: /about.php
Not Found: /admin.php
Not Found: /akc.php
Not Found: /alfa.php
Not Found: /asasx.php
Not Found: /atomlib.php
Not Found: /autoload_classmap.php
Not Found: /autoload_classmap/function.php
Not Found: /abcd.php
Not Found: /file.php
Not Found: /wp-includes/IXR/autoload_classmap.php
Not Found: /wp.php
Not Found: /wp-admin/css/colors/blue/atomlib.php
Not Found: /wp-admin/css/colors/index.php
Not Found: /wp-admin/images/admin.php
Not Found: /wp-admin/images/index.php
Not Found: /wp-admin/js/
Not Found: /wp-admin/js/widgets/
Not Found: /wp-admin/js/widgets/about.php
Not Found: /wp-admin/network/
Not Found: /wp-admin/network/chosen.php
Not Found: /wp-content/about.php
Not Found: /wp-content/alfa.php
Not Found: /wp-content/cong.php
Not Found: /wp-content/plugins/pwnd-1/
Not Found: /wp-content/plugins/pwnd/
Not Found: /wp-content/themes/
Not Found: /wp-content/themes/about.php
Not Found: /wp-content/themes/news-portal/error.php
Not Found: /makeasmtp.php
Not Found: /ioxi-o.php
Not Found: /wp-content/index.php
Not Found: /index.php
Not Found: /files.php
Not Found: /lock360.php
Not Found: /classwithtostring.php
Not Found: /chosen.php
Not Found: /goods.php
Not Found: /wp-admin/
Not Found: /info.php/aa.php
Not Found: /wp-content/themes/intense/block-css.php
Not Found: /about/function.php/aa.php
Not Found: /wp-includes/PHPMailer/Ab0ut.php/aa.php
Not Found: /modules/mod_simplefileuploadv1.3/elements/file.php/aa.php
Not Found: /wp-includes/widgets/
Not Found: /test1.php/aa.php
Not Found: /flower.php
Not Found: /wp-content/themes/twentytwentyone/
Not Found: /wp-content/themes/twentytwentythree/
Not Found: /wp-content/themes/twentytwentytwo/
Not Found: /wp-content/upgrade-temp-backup/
Not Found: /wp-content/upgrade/index.php
Not Found: /wp-content/uploads/2024/index.php
Not Found: /wp-includes/ID3/
Not Found: /.git/config
Not Found: /+CSCOL+/Java.jar
Not Found: /+CSCOE+/logon_forms.js
Not Found: /+CSCOL+/a1.jar
Not Found: /+CSCOE+/transfer.js
Not Found: /ads.txt
Not Found: /app-ads.txt
Not Found: /sellers.json
Not Found: //wp-includes/ID3/license.txt
Not Found: //feed/
Not Found: //xmlrpc.php
Not Found: //blog/wp-includes/wlwmanifest.xml
Not Found: //web/wp-includes/wlwmanifest.xml
Not Found: //wordpress/wp-includes/wlwmanifest.xml
Not Found: //wp/wp-includes/wlwmanifest.xml
Not Found: //2020/wp-includes/wlwmanifest.xml
Not Found: //2019/wp-includes/wlwmanifest.xml
Not Found: //2021/wp-includes/wlwmanifest.xml
Not Found: //shop/wp-includes/wlwmanifest.xml
Not Found: //wp1/wp-includes/wlwmanifest.xml
Not Found: //test/wp-includes/wlwmanifest.xml
Not Found: //site/wp-includes/wlwmanifest.xml
Not Found: //cms/wp-includes/wlwmanifest.xml
Not Found: /robots.txt
Not Found: //wp-includes/ID3/license.txt
Not Found: //feed/
Not Found: //xmlrpc.php
Not Found: //blog/wp-includes/wlwmanifest.xml
Not Found: //web/wp-includes/wlwmanifest.xml
Not Found: //wordpress/wp-includes/wlwmanifest.xml
Not Found: //wp/wp-includes/wlwmanifest.xml
Not Found: //2020/wp-includes/wlwmanifest.xml
Not Found: //2019/wp-includes/wlwmanifest.xml
Not Found: //2021/wp-includes/wlwmanifest.xml
Not Found: //shop/wp-includes/wlwmanifest.xml
Not Found: //wp1/wp-includes/wlwmanifest.xml
Not Found: //test/wp-includes/wlwmanifest.xml
Not Found: //site/wp-includes/wlwmanifest.xml
Not Found: //cms/wp-includes/wlwmanifest.xml
Not Found: /wp-includes/ID3/autoload_classmap.php
Not Found: /wp-includes/SimplePie/XML/
Not Found: /wp-includes/Text/
Not Found: /wp-includes/assets/admin.php
Not Found: /wp-includes/assets/index.php
Not Found: /wp-includes/bk/
Not Found: /wp-includes/block-patterns/autoload_classmap.php
Not Found: /wp-includes/blocks/file/
Not Found: /wp-includes/certificates/
Not Found: /wp-includes/css/
Not Found: /wp-includes/customize/
Not Found: /wp-includes/file.php
Not Found: /wp-includes/fonts/
Not Found: /wp-includes/html-api/
Not Found: /cgi-bin/
Not Found: /doc.php
Not Found: /edit.php
Not Found: /functions.php
Not Found: /img/post.php
Not Found: /manager.php
Not Found: /radio.php
Not Found: /root.php
Not Found: /sim.php
Not Found: /system_log.php
Not Found: /update/
Not Found: /wp-includes/PHPMailer/wp-conflg.php
Not Found: /wp-includes/blocks/comments/
Not Found: /gecko.php
Not Found: /xmrlpc.php
Not Found: /wp-content/uploads/index.php
Not Found: /moon.php
Not Found: /wp-content/uploads/admin.php
Not Found: /uploads/admin.php
Not Found: /info.php
Not Found: /k.php
Not Found: /nc4.php
Not Found: /wp-content/plugins/autoload_classmap.php
Not Found: /file2.php
Not Found: /wp-content/themes/chosen.php
Not Found: /wp-includes/certificates/admin.php
Not Found: /wp-admin/css/colors/modern/
Not Found: /wp/wp-admin/includes/
Not Found: /wp-admin/wp-conflg.php
Not Found: /wp-content/file.php
Not Found: /wp-content/plugins/
Not Found: /.well-known/
Not Found: /.well-known/gecko-litespeed.php
Not Found: /2021/01/16/upload-and-download-file-using-multipart-form-over-
Not Found: /WSO.php
Not Found: /wp-includes/images/
Not Found: /wp-includes/interactivity-api/
Not Found: /wp-includes/js/tinymce/plugins/fullscreen/
Not Found: /wp-includes/l10n/
Not Found: /wp-includes/sitemaps/providers/
Not Found: /wp-includes/theme-compat/
Not Found: /wp-includes/widgets/about.php
Not Found: /.env
Not Found: /api
Not Found: /.env
Not Found: //wp-includes/ID3/license.txt
Not Found: //feed/
Not Found: //xmlrpc.php
Not Found: //blog/wp-includes/wlwmanifest.xml
Not Found: //web/wp-includes/wlwmanifest.xml
Not Found: //wordpress/wp-includes/wlwmanifest.xml
Not Found: //wp/wp-includes/wlwmanifest.xml
Not Found: //2020/wp-includes/wlwmanifest.xml
Not Found: //2019/wp-includes/wlwmanifest.xml
Not Found: //2021/wp-includes/wlwmanifest.xml
Not Found: //shop/wp-includes/wlwmanifest.xml
Not Found: //wp1/wp-includes/wlwmanifest.xml
Not Found: //test/wp-includes/wlwmanifest.xml
Not Found: //site/wp-includes/wlwmanifest.xml
Not Found: //cms/wp-includes/wlwmanifest.xml
Not Found: /wp-content/plugins/hellopress/wp_filemanager.php
Not Found: /t3x.php
Not Found: /mds.php
Not Found: /wp-content/plugins/hellopress/wp_filemanager.php
Not Found: /bb5.php
Not Found: /cabs.php
Not Found: /Okxob.php
Not Found: /atomlib.php
Not Found: /asasx.php
Not Found: /naxc.php
Not Found: /222.php
Not Found: /a.php
Not Found: /lhh2.php
Not Found: /thh.php
Not Found: /s.php
Not Found: /ws.php
Not Found: /alam.php
Not Found: /witm.php
Not Found: /asserter.php
Not Found: /ntgn.php
Not Found: /xo.php
Not Found: /pass.php
Not Found: /aw.php
Not Found: /35.php
Not Found: /past1.php
Not Found: /4.php
Not Found: /wp-includes/js/codemirror/index.php
Not Found: /02.php
Not Found: /w.php
Not Found: /go.php
Not Found: /about.php
Not Found: /r.php
Not Found: /ar.php
Not Found: /13.php
Not Found: /lock360.php
Not Found: /6.php
Not Found: /i1.php
Not Found: /4.php
Not Found: /002.php
Not Found: /1100.php
Not Found: /vv.php
Not Found: /v4.php
Not Found: /fw.php
Not Found: /0x1949.php
Not Found: /bs1.php
Not Found: /build.php
Not Found: /x4.php
Not Found: /max.php
Not Found: /m.php
Not Found: /m.php
Not Found: /0x.php
Not Found: /g.php
Not Found: /02.php
Not Found: /gmo.php
Not Found: /11.php
Not Found: /20.php
Not Found: /f35.php
Not Found: /w.php
Not Found: /fwe.php
Not Found: /xl2023.php
Not Found: /17.php
Not Found: /yu.php
Not Found: /v.php
Not Found: /ge.php
Not Found: /25.php
Not Found: /3.php
Not Found: /upload/wp-info.php
Not Found: /t.php
Not Found: /aaa9
Not Found: /aab9
Not Found: /aaa9
Not Found: /aab9
Not Found: /webui/
Not Found: /robots.txt
Not Found: /robots.txt
Not Found: /wp-content/ALFA_DATA/alfacgiapi/bypass.php
Not Found: /wp-content/about.php
Not Found: /wp-content/cache/index.php
Not Found: /wp-content/themes/about.php
Not Found: /wp-content/themes/twentyfive/include.php
Not Found: /wp-content/themes/twentytwentyfour/about.php
Not Found: /wp-content/themes/twentytwentythree/patterns/index.php
Not Found: /wp-includes/PHPMailer/wp-conflg.php
Not Found: /wp-includes/Text/about.php
Not Found: /wp-includes/blocks/about.php
Not Found: /wp-setup.php
Not Found: /zwso.php
Not Found: /.alf.php
Not Found: /autoload_classmap/function.php
Not Found: /ez.php
Not Found: /.bod/.ll/ss.php
Not Found: /admin/index.php
Not Found: /cgi-bin/xmrlpc.php
Not Found: /dropdown.php
Not Found: /gelay.php
Not Found: /installer.php
Not Found: /xleet.php
Not Found: /wp-sigunq.php
Not Found: /wso112233.php
Not Found: /alfanew.php
Not Found: /fw.php
Not Found: /install.php
Not Found: /wp-login.php
Not Found: /simple.php
Not Found: /inputs.php
Not Found: /classsmtps.php
Not Found: /wp-blog-header.php
Not Found: /wp-trackback.php
Not Found: /wp-signup.php
Not Found: /wp-comments-post.php
Not Found: /wp-load.php
Not Found: /wp-mail.php
Not Found: /wp-activate.php
Not Found: /plugins.php
Not Found: /post.php
Not Found: /wp-2019.php
Not Found: /geju.php
Not Found: /wp.php
Not Found: /hoot.php
Not Found: /css.php
Not Found: /log.php
Not Found: /mail.php
Not Found: /bak.php
Not Found: /content.php
Not Found: /upfile.php
Not Found: /wp-conflg.php
Not Found: /bypass.php
Not Found: /404.php
Not Found: /updates.php
Not Found: /radio.php
Not Found: /ae.php
Not Found: /blog.php
Not Found: /themes.php
Not Found: /ini.php
Not Found: /as.php
Not Found: /shell.php
Not Found: /ws.php
Not Found: /goat.php
Not Found: /lock360.php
Not Found: /mm.php
Not Found: /users.php
Not Found: /wp-admin/
Not Found: /wp-admin/images/moon.php
Not Found: /wp-admin/js/index.php
Not Found: /wp-admin/setup-config.php
Not Found: /wp-api.php
Not Found: /wp-includes/IXR/autoload_classmap.php
Not Found: /wp-includes/fonts/admin.php
Not Found: /wsa.php
Not Found: /geoserver/web/
Not Found: /.git/config
Not Found: /api
Not Found: //wp-includes/wlwmanifest.xml
Not Found: //xmlrpc.php
Not Found: //blog/wp-includes/wlwmanifest.xml
Not Found: //web/wp-includes/wlwmanifest.xml
Not Found: //wordpress/wp-includes/wlwmanifest.xml
Not Found: //website/wp-includes/wlwmanifest.xml
Not Found: //wp/wp-includes/wlwmanifest.xml
Not Found: //news/wp-includes/wlwmanifest.xml
Not Found: //2018/wp-includes/wlwmanifest.xml
Not Found: //2019/wp-includes/wlwmanifest.xml
Not Found: //shop/wp-includes/wlwmanifest.xml
Not Found: //wp1/wp-includes/wlwmanifest.xml
Not Found: //test/wp-includes/wlwmanifest.xml
Not Found: //media/wp-includes/wlwmanifest.xml
Not Found: //wp2/wp-includes/wlwmanifest.xml
Not Found: //site/wp-includes/wlwmanifest.xml
Not Found: //cms/wp-includes/wlwmanifest.xml
Not Found: //sito/wp-includes/wlwmanifest.xml
Not Found: /actuator/health
Not Found: /aa.php
Not Found: /abcd.php
Not Found: /admin.php
Not Found: /buy.php
Not Found: /cgi-bin/
Not Found: /edit.php
Not Found: /file.php
Not Found: /flower.php
Not Found: /images/index.php
Not Found: /info.php
Not Found: /ioxi-o.php
Not Found: /nc4.php
Not Found: /wp-admin/includes/
Not Found: /wp-content/upgrade/index.php
Not Found: /wp-content/uploads/admin.php
Not Found: /wp-good.php
Not Found: /wp-includes/Text/Diff/Renderer/
Not Found: /wp-includes/style-engine/
Not Found: /xmrlpc.php
Not Found: /about.php
Not Found: /adminfuns.php
Not Found: /alfa.php
Not Found: /asasx.php
Not Found: /autoload_classmap.php
Not Found: /classwithtostring.php
Not Found: /cong.php
Not Found: /file2.php
Not Found: /moon.php
Not Found: /wp-admin/css/colors/blue/index.php
Not Found: /wp-content/index.php
Not Found: /wp-content/plugins/yanierin/akcc.php
Not Found: /wp-content/uploads/index.php
Not Found: /wp-content/wp-conflg.php
Not Found: /wp-cron.php
Not Found: /wp-includes/IXR/
Not Found: /wp-includes/block-supports/
Not Found: /wp-includes/fonts/
Not Found: /wp-includes/fonts/index.php
Not Found: /wp-includes/js/crop/
Not Found: /wp-includes/rest-api/
Not Found: /wp-includes/widgets/
Not Found: /file17.php
Not Found: /wp-content/akp.php
Not Found: /wp-content/plugins/hanau/akc.php
Not Found: /aw.php
Not Found: /wp-content/plugins/geu/geu.php
Not Found: /wp-content/plugins/deu/ms.php
Not Found: /wp-content/plugins/view-ad/ms.php
Not Found: /wp-content/plugins/aafr/uploader.php
Not Found: /wp-content/plugins/elex/elex.php
Not Found: /mass.php
Not Found: /plugins/kontol/wp-crom.php
Not Found: /wp-content/plugins/view-source/ioxi-o2.php
Not Found: /wp-content/plugins/index-path.php
Not Found: /wp-content/themes/pridmag/db.php
Not Found: /.well-known/admin.php
Not Found: /akc.php
Not Found: /atomlib.php
Not Found: /chosen.php
Not Found: /gecko.php
Not Found: /index/function.php
Not Found: /item.php
Not Found: /makeasmtp.php
Not Found: /test.php
Not Found: /tinyfilemanager.php
Not Found: /w.php
Not Found: /wp-admin/about.php
Not Found: /wp-admin/admin.php
Not Found: /wp-admin/classwithtostring.php
Not Found: /wp-admin/css/colors/ectoplasm/about.php
Not Found: /wp-admin/css/colors/midnight/wp-login.php
Not Found: /wp-admin/index.php
Not Found: /wp-content/1.php
Not Found: /robots.txt
Not Found: /security.txt
Not Found: /.env
Not Found: /wp-content/ALFA_DATA/alfacgiapi/bypass.php
Not Found: /wp-content/about.php
Not Found: /wp-content/cache/index.php
Not Found: /wp-content/themes/about.php
Not Found: /wp-content/themes/twentyfive/include.php
Not Found: /wp-content/themes/twentytwentyfour/about.php
Not Found: /wp-content/themes/twentytwentythree/patterns/index.php
Not Found: /wp-includes/PHPMailer/wp-conflg.php
Not Found: /wp-includes/Text/about.php
Not Found: /wp-includes/blocks/about.php
Not Found: /wp-setup.php
Not Found: /zwso.php
Not Found: /.alf.php
Not Found: /autoload_classmap/function.php
Not Found: /ez.php
Not Found: /.bod/.ll/ss.php
Not Found: /admin/index.php
Not Found: /cgi-bin/xmrlpc.php
Not Found: /dropdown.php
Not Found: /gelay.php
Not Found: /installer.php
Not Found: /xleet.php
Not Found: /wp-sigunq.php
Not Found: /wso112233.php
Not Found: /alfanew.php
Not Found: /fw.php
Not Found: /install.php
Not Found: /wp-login.php
Not Found: /simple.php
Not Found: /inputs.php
Not Found: /classsmtps.php
Not Found: /wp-blog-header.php
Not Found: /wp-trackback.php
Not Found: /wp-signup.php
Not Found: /wp-comments-post.php
Not Found: /wp-load.php
Not Found: /wp-mail.php
Not Found: /wp-activate.php
Not Found: /plugins.php
Not Found: /post.php
Not Found: /wp-2019.php
Not Found: /geju.php
Not Found: /wp.php
Not Found: /hoot.php
Not Found: /css.php
Not Found: /log.php
Not Found: /mail.php
Not Found: /bak.php
Not Found: /content.php
Not Found: /upfile.php
Not Found: /wp-conflg.php
Not Found: /bypass.php
Not Found: /404.php
Not Found: /updates.php
Not Found: /radio.php
Not Found: /ae.php
Not Found: /blog.php
Not Found: /themes.php
Not Found: /ini.php
Not Found: /as.php
Not Found: /shell.php
Not Found: /ws.php
Not Found: /goat.php
Not Found: /lock360.php
Not Found: /mm.php
Not Found: /users.php
Not Found: /wp-admin/
Not Found: /wp-admin/images/moon.php
Not Found: /wp-admin/js/index.php
Not Found: /wp-admin/setup-config.php
Not Found: /wp-api.php
Not Found: /wp-includes/IXR/autoload_classmap.php
Not Found: /wp-includes/fonts/admin.php
Not Found: /wsa.php
Not Found: /aa.php
Not Found: /about.php
Not Found: /admin.php
Not Found: /akc.php
Not Found: /alfa.php
Not Found: /asasx.php
Not Found: /atomlib.php
Not Found: /autoload_classmap.php
Not Found: /autoload_classmap/function.php
Not Found: /abcd.php
Not Found: /file.php
Not Found: /wp-includes/IXR/autoload_classmap.php
Not Found: /wp.php
Not Found: /wp-admin/css/colors/blue/atomlib.php
Not Found: /wp-admin/css/colors/index.php
Not Found: /wp-admin/images/admin.php
Not Found: /wp-admin/images/index.php
Not Found: /wp-admin/js/
Not Found: /wp-admin/js/widgets/
Not Found: /wp-admin/js/widgets/about.php
Not Found: /wp-admin/network/
Not Found: /wp-admin/network/chosen.php
Not Found: /wp-content/about.php
Not Found: /wp-content/alfa.php
Not Found: /wp-content/cong.php
Not Found: /wp-content/plugins/pwnd-1/
Not Found: /wp-content/plugins/pwnd/
Not Found: /wp-content/themes/
Not Found: /wp-content/themes/about.php
Not Found: /wp-content/themes/news-portal/error.php
Not Found: /makeasmtp.php
Not Found: /ioxi-o.php
Not Found: /wp-content/index.php
Not Found: /index.php
Not Found: /files.php
Not Found: /lock360.php
Not Found: /classwithtostring.php
Not Found: /chosen.php
Not Found: /goods.php
Not Found: /wp-admin/
Not Found: /info.php/aa.php
Not Found: /wp-content/themes/intense/block-css.php
Not Found: /about/function.php/aa.php
Not Found: /wp-includes/PHPMailer/Ab0ut.php/aa.php
Not Found: /modules/mod_simplefileuploadv1.3/elements/file.php/aa.php
Not Found: /wp-includes/widgets/
Not Found: /test1.php/aa.php
Not Found: /flower.php
Not Found: /wp-content/themes/twentytwentyone/
Not Found: /wp-content/themes/twentytwentythree/
Not Found: /wp-content/themes/twentytwentytwo/
Not Found: /wp-content/upgrade-temp-backup/
Not Found: /wp-content/upgrade/index.php
Not Found: /wp-content/uploads/2024/index.php
Not Found: /wp-includes/ID3/
Not Found: //wp-includes/wlwmanifest.xml
Not Found: //xmlrpc.php
Not Found: //blog/wp-includes/wlwmanifest.xml
Not Found: //web/wp-includes/wlwmanifest.xml
Not Found: //wordpress/wp-includes/wlwmanifest.xml
Not Found: //website/wp-includes/wlwmanifest.xml
Not Found: //wp/wp-includes/wlwmanifest.xml
Not Found: //news/wp-includes/wlwmanifest.xml
Not Found: //2018/wp-includes/wlwmanifest.xml
Not Found: //2019/wp-includes/wlwmanifest.xml
Not Found: //shop/wp-includes/wlwmanifest.xml
Not Found: //wp1/wp-includes/wlwmanifest.xml
Not Found: //test/wp-includes/wlwmanifest.xml
Not Found: //media/wp-includes/wlwmanifest.xml
Not Found: //wp2/wp-includes/wlwmanifest.xml
Not Found: //site/wp-includes/wlwmanifest.xml
Not Found: //cms/wp-includes/wlwmanifest.xml
Not Found: //sito/wp-includes/wlwmanifest.xml
Not Found: /owa/auth/logon.aspx
Not Found: /ReportServer
Not Found: //wp-includes/ID3/license.txt
Not Found: //feed/
Not Found: //xmlrpc.php
Not Found: //blog/wp-includes/wlwmanifest.xml
Not Found: //web/wp-includes/wlwmanifest.xml
Not Found: //wordpress/wp-includes/wlwmanifest.xml
Not Found: //wp/wp-includes/wlwmanifest.xml
Not Found: //2020/wp-includes/wlwmanifest.xml
Not Found: //2019/wp-includes/wlwmanifest.xml
Not Found: //2021/wp-includes/wlwmanifest.xml
Not Found: //shop/wp-includes/wlwmanifest.xml
Not Found: //wp1/wp-includes/wlwmanifest.xml
Not Found: //test/wp-includes/wlwmanifest.xml
Not Found: //site/wp-includes/wlwmanifest.xml
Not Found: //cms/wp-includes/wlwmanifest.xml
Not Found: /api
Not Found: /ab2g
Not Found: /ab2h
Not Found: /alive.php
Not Found: /teorema505
Not Found: /robots.txt
Not Found: /sitemap.xml
Not Found: /.well-known/security.txt
Not Found: /.env
Not Found: /robots.txt
Not Found: /robots.txt
Not Found: /xmlrpc.php
Not Found: /xmlrpc.php
Not Found: /robots.txt
Not Found: /.git/config
Not Found: /.git/config
Not Found: /.env
Not Found: /.env.production
Not Found: /.aws/credentials
Not Found: /robots.txt
Invalid HTTP_HOST header: 'ec2-3-144-176-29.us-east-2.compute.amazonaws.com'. You may need to add 'ec2-3-144-176-29.us-east-2.compute.amazonaws.com' to ALLOWED_HOSTS.
Traceback (most recent call last):
  File "/home/ubuntu/.cache/pypoetry/virtualenvs/rewardshub-tAgjmBIm-py3.12/lib/python3.12/site-packages/django/core/handlers/exception.py", line 55, in inner
    response = get_response(request)
               ^^^^^^^^^^^^^^^^^^^^^
  File "/home/ubuntu/.cache/pypoetry/virtualenvs/rewardshub-tAgjmBIm-py3.12/lib/python3.12/site-packages/django/utils/deprecation.py", line 119, in __call__
    response = self.process_request(request)
               ^^^^^^^^^^^^^^^^^^^^^^^^^^^^^
  File "/home/ubuntu/.cache/pypoetry/virtualenvs/rewardshub-tAgjmBIm-py3.12/lib/python3.12/site-packages/django/middleware/common.py", line 48, in process_request
    host = request.get_host()
           ^^^^^^^^^^^^^^^^^^
  File "/home/ubuntu/.cache/pypoetry/virtualenvs/rewardshub-tAgjmBIm-py3.12/lib/python3.12/site-packages/django/http/request.py", line 202, in get_host
    raise DisallowedHost(msg)
django.core.exceptions.DisallowedHost: Invalid HTTP_HOST header: 'ec2-3-144-176-29.us-east-2.compute.amazonaws.com'. You may need to add 'ec2-3-144-176-29.us-east-2.compute.amazonaws.com' to ALLOWED_HOSTS.
Not Found: /.env
Not Found: /api
Not Found: /.env
Not Found: /phpinfo
Not Found: /phpinfo.php
Not Found: /portal/.env
Not Found: /env/.env
Not Found: /api/.env
Not Found: /app/.env
Not Found: /dev/.env
Not Found: /new/.env
Not Found: /new/.env.local
Not Found: /new/.env.production
Not Found: /new/.env.staging
Not Found: /_phpinfo.php
Not Found: /_profiler/phpinfo
Not Found: /_profiler/phpinfo/info.php
Not Found: /_profiler/phpinfo/phpinfo.php
Not Found: /wp-config
Not Found: /aws-secret.yaml
Not Found: /awstats/.env
Not Found: /conf/.env
Not Found: /cron/.env
Not Found: /www/.env
Not Found: /docker/.env
Not Found: /docker/app/.env
Not Found: /env.backup
Not Found: /xampp/phpinfo.php
Not Found: /lara/info.php
Not Found: /lara/phpinfo.php
Not Found: /laravel/info.php
Not Found: /.vscode/.env
Not Found: /js/.env
Not Found: /laravel/.env
Not Found: /laravel/core/.env
Not Found: /mail/.env
Not Found: /mailer/.env
Not Found: /nginx/.env
Not Found: /public/.env
Not Found: /site/.env
Not Found: /xampp/.env
Not Found: /admin/.env
Not Found: /config.env
Not Found: /development/.env
Not Found: /api/shared/.env
Not Found: /service/email_service.py
Not Found: /node/.env_example
Not Found: /.env.production.local
Not Found: /.env.local
Not Found: /.env.example
Not Found: /.env.stage
Not Found: /server/config/database.js
Not Found: /.env.old
Not Found: /.env_sample
Not Found: /scripts/nodemailer.js
Not Found: /.env.prod
Not Found: /crm/.env
Not Found: /local/.env
Not Found: /core/.env
Not Found: /apps/.env
Not Found: /application/.env
Not Found: /web/.env
Not Found: /.aws/credentials
Not Found: /wp-config.php.bak
Not Found: /info.php
Not Found: /dashboard/phpinfo.php
Not Found: /admin/server_info.php
Not Found: /server_info.php
Not Found: /app_dev.php/_profiler/phpinfo
Not Found: /test.php
Not Found: /server-info
Not Found: /server-info.php
Not Found: /secured/phpinfo.php
Not Found: /config.js
Not Found: /server.js
Not Found: /appsettings.json
Not Found: /shared/config/config.js
Not Found: /config/aws.yml
Not Found: /settings.py
Not Found: /config.json
Not Found: /main.js
Not Found: /config/constants.js
Not Found: /application.properties
Not Found: /public/js/main.js
Not Found: /js/main.js
Not Found: /storage/logs/laravel.log
Not Found: /karma.conf.json
Not Found: /swagger.json
Not Found: /swagger.js
Not Found: /gatsby-config.js
Not Found: /backend/config/default.yml
Not Found: /app.py
Not Found: /admin/controllers/merchant.js
Not Found: /admin/controllers/partner.js
Not Found: /api/config.js
Not Found: /api/objects/codes.php.save
Not Found: /apis/config/config.js
Not Found: /apis/controllers/users.js
Not Found: /app.js
Not Found: /backend/config/development.yml
Not Found: /cloud/Scraper.js
Not Found: /config/application.yml
Not Found: /config/storage.yml
Not Found: /configs/routes-4aug.js
Not Found: /configs/routes.js
Not Found: /configs/s3_config.json
Not Found: /controller/admin/post.js
Not Found: /controller/api/post.js
Not Found: /controllers/settings.js
Not Found: /getcpuutil.php-bakworking
Not Found: /helper.js
Not Found: /helper/EmailHelper.js
Not Found: /index.js
Not Found: /index.html
Not Found: /my_env/chakaash.py
Not Found: /my_env/newsletter.py
Not Found: /my_env/palash.py
Not Found: /mytest/astech_robot.js
Not Found: /partner/config/config.js
Not Found: /config/settings.json
Not Found: /config/settings.local
Not Found: /.circleci/configs/development.yml
Not Found: /config/settings.prod
Not Found: /app/config/parameters.yml
Not Found: /config/parameters.yml
Not Found: /user/config/config.js
Not Found: /user/controllers/index.js
Not Found: /.AWS_/credentials
Not Found: /config/local.yml
Not Found: /backend/config/settings.yml
Not Found: /api/config/config.yml
Not Found: /admin/config
Not Found: /appsettings.json
Not Found: /.travis.yml
Not Found: /aws.yml
Not Found: /sms.py
Not Found: /config/config.json
Not Found: /main.yml
Not Found: /helpers/utility.js
Not Found: /server/s3.js
Not Found: /s3.js
Not Found: /.env
Not Found: //wp-includes/ID3/license.txt
Not Found: //feed/
Not Found: //xmlrpc.php
Not Found: //blog/wp-includes/wlwmanifest.xml
Not Found: //web/wp-includes/wlwmanifest.xml
Not Found: //wordpress/wp-includes/wlwmanifest.xml
Not Found: //wp/wp-includes/wlwmanifest.xml
Not Found: //2020/wp-includes/wlwmanifest.xml
Not Found: //2019/wp-includes/wlwmanifest.xml
Not Found: //2021/wp-includes/wlwmanifest.xml
Not Found: //shop/wp-includes/wlwmanifest.xml
Not Found: //wp1/wp-includes/wlwmanifest.xml
Not Found: //test/wp-includes/wlwmanifest.xml
Not Found: //site/wp-includes/wlwmanifest.xml
Not Found: //cms/wp-includes/wlwmanifest.xml
Not Found: /robots.txt
Not Found: /wp-login.php
Not Found: /developmentserver/metadatauploader
Not Found: /phpmyadmin
Not Found: /.env
Not Found: /robots.txt
Not Found: /sitemap.xml
Not Found: /config.json
Not Found: /robots.txt
Not Found: /.git/config
Not Found: /robots.txt
Not Found: /robots.txt
Not Found: /.env
Not Found: /ecp/Current/exporttool/microsoft.exchange.ediscovery.exporttool.application
Not Found: //wp-includes/ID3/license.txt
Not Found: //feed/
Not Found: //xmlrpc.php
Not Found: //blog/wp-includes/wlwmanifest.xml
Not Found: //web/wp-includes/wlwmanifest.xml
Not Found: //wordpress/wp-includes/wlwmanifest.xml
Not Found: //wp/wp-includes/wlwmanifest.xml
Not Found: //2020/wp-includes/wlwmanifest.xml
Not Found: //2019/wp-includes/wlwmanifest.xml
Not Found: //2021/wp-includes/wlwmanifest.xml
Not Found: //shop/wp-includes/wlwmanifest.xml
Not Found: //wp1/wp-includes/wlwmanifest.xml
Not Found: //test/wp-includes/wlwmanifest.xml
Not Found: //site/wp-includes/wlwmanifest.xml
Not Found: //cms/wp-includes/wlwmanifest.xml
Not Found: /phpmyadmin
Not Found: //wp-includes/wlwmanifest.xml
Not Found: //xmlrpc.php
Not Found: //blog/wp-includes/wlwmanifest.xml
Not Found: //web/wp-includes/wlwmanifest.xml
Not Found: //wordpress/wp-includes/wlwmanifest.xml
Not Found: //website/wp-includes/wlwmanifest.xml
Not Found: //wp/wp-includes/wlwmanifest.xml
Not Found: //news/wp-includes/wlwmanifest.xml
Not Found: //2020/wp-includes/wlwmanifest.xml
Not Found: //2019/wp-includes/wlwmanifest.xml
Not Found: //shop/wp-includes/wlwmanifest.xml
Not Found: //wp1/wp-includes/wlwmanifest.xml
Not Found: //test/wp-includes/wlwmanifest.xml
Not Found: //wp2/wp-includes/wlwmanifest.xml
Not Found: //site/wp-includes/wlwmanifest.xml
Not Found: //cms/wp-includes/wlwmanifest.xml
Not Found: //sito/wp-includes/wlwmanifest.xml
Not Found: /.well-known/hostinger-challenge/EcDi1rBFxs
Not Found: /login
Not Found: //wp-includes/ID3/license.txt
Not Found: //feed/
Not Found: //xmlrpc.php
Not Found: //blog/wp-includes/wlwmanifest.xml
Not Found: //web/wp-includes/wlwmanifest.xml
Not Found: //wordpress/wp-includes/wlwmanifest.xml
Not Found: //wp/wp-includes/wlwmanifest.xml
Not Found: //2020/wp-includes/wlwmanifest.xml
Not Found: //2019/wp-includes/wlwmanifest.xml
Not Found: //2021/wp-includes/wlwmanifest.xml
Not Found: //shop/wp-includes/wlwmanifest.xml
Not Found: //wp1/wp-includes/wlwmanifest.xml
Not Found: //test/wp-includes/wlwmanifest.xml
Not Found: //site/wp-includes/wlwmanifest.xml
Not Found: //cms/wp-includes/wlwmanifest.xml
Not Found: /xmlrpc.php
Not Found: /.well-known/hostinger-challenge/sb5w5mIUDv
Not Found: /.well-known/hostinger-challenge/qOkffNZ7Kr
Not Found: /.well-known/hostinger-challenge/xLELkOxG8g
Not Found: /.well-known/hostinger-challenge/rtHt0Xj43E
Not Found: /.well-known/hostinger-challenge/56tk53aVTJ
Not Found: /.well-known/hostinger-challenge/Qt6d3mk1ac
Not Found: /.well-known/hostinger-challenge/YiFj5WyRp2
Not Found: /.well-known/hostinger-challenge/S4CZjZHmHg
Not Found: /.well-known/hostinger-challenge/X7D7C6c8Cy
Not Found: /.well-known/hostinger-challenge/ZtMO2ua3om
Not Found: /.well-known/hostinger-challenge/Ue7ihyRZmg
Not Found: /.well-known/hostinger-challenge/0fVWaFCyqC
Not Found: /.well-known/hostinger-challenge/xbpfGS6e4f
Not Found: /.well-known/hostinger-challenge/yIhRRmQBTO
Not Found: /.well-known/hostinger-challenge/E2OcpRXhoc
Not Found: /.well-known/hostinger-challenge/qAJLPbwwF5
Not Found: /.well-known/hostinger-challenge/KAqv6uoNUN
Not Found: /robots.txt
Not Found: /.git/config
Not Found: /version
Not Found: /webui/
Not Found: /geoserver/web/
Not Found: /.git/config
Not Found: /robots.txt
Not Found: /robots.txt
Not Found: /robots.txt
Not Found: /.env
Not Found: /robots.txt
Not Found: /about.php
Not Found: /admin.php
Not Found: /.git/config
Not Found: /.env
Not Found: /api/.env
Not Found: /config/.env
Not Found: /.env.example
Not Found: /.env.production
Not Found: /.env.dev
Not Found: /backend/.env
Not Found: /.env.backup
Not Found: /_profiler/phpinfo
Not Found: /phpinfo.php
Not Found: /phpinfo
Not Found: /info.php
Not Found: /test.php
Not Found: /info
Not Found: /php.php
Not Found: /i.php
Not Found: /test
Not Found: /phpversion.php
Not Found: //wp-includes/ID3/license.txt
Not Found: //feed/
Not Found: //xmlrpc.php
Not Found: //blog/wp-includes/wlwmanifest.xml
Not Found: //web/wp-includes/wlwmanifest.xml
Not Found: //wordpress/wp-includes/wlwmanifest.xml
Not Found: //wp/wp-includes/wlwmanifest.xml
Not Found: //2020/wp-includes/wlwmanifest.xml
Not Found: //2019/wp-includes/wlwmanifest.xml
Not Found: //2021/wp-includes/wlwmanifest.xml
Not Found: //shop/wp-includes/wlwmanifest.xml
Not Found: //wp1/wp-includes/wlwmanifest.xml
Not Found: //test/wp-includes/wlwmanifest.xml
Not Found: //site/wp-includes/wlwmanifest.xml
Not Found: //cms/wp-includes/wlwmanifest.xml
Not Found: //wp-includes/ID3/license.txt
Not Found: //feed/
Not Found: //xmlrpc.php
Not Found: //blog/wp-includes/wlwmanifest.xml
Not Found: //web/wp-includes/wlwmanifest.xml
Not Found: //wordpress/wp-includes/wlwmanifest.xml
Not Found: //wp/wp-includes/wlwmanifest.xml
Not Found: //2020/wp-includes/wlwmanifest.xml
Not Found: //2019/wp-includes/wlwmanifest.xml
Not Found: //2021/wp-includes/wlwmanifest.xml
Not Found: //shop/wp-includes/wlwmanifest.xml
Not Found: //wp1/wp-includes/wlwmanifest.xml
Not Found: //test/wp-includes/wlwmanifest.xml
Not Found: //site/wp-includes/wlwmanifest.xml
Not Found: //cms/wp-includes/wlwmanifest.xml
Not Found: //wp-includes/ID3/license.txt
Not Found: //feed/
Not Found: //xmlrpc.php
Not Found: //blog/wp-includes/wlwmanifest.xml
Not Found: //web/wp-includes/wlwmanifest.xml
Not Found: //wordpress/wp-includes/wlwmanifest.xml
Not Found: //wp/wp-includes/wlwmanifest.xml
Not Found: //2020/wp-includes/wlwmanifest.xml
Not Found: //2019/wp-includes/wlwmanifest.xml
Not Found: //2021/wp-includes/wlwmanifest.xml
Not Found: //shop/wp-includes/wlwmanifest.xml
Not Found: //wp1/wp-includes/wlwmanifest.xml
Not Found: //test/wp-includes/wlwmanifest.xml
Not Found: //site/wp-includes/wlwmanifest.xml
Not Found: //cms/wp-includes/wlwmanifest.xml
Not Found: /.env
Not Found: /.env
Not Found: /dns-query
Not Found: /dns-query
Not Found: /dns-query
Not Found: /dns-query
Not Found: /dns-query
Not Found: /dns-query
Not Found: /query
Not Found: /query
Not Found: /query
Not Found: /query
Not Found: /query
Not Found: /query
Not Found: /resolve
Not Found: /resolve
Not Found: /resolve
Not Found: /resolve
Not Found: /resolve
Not Found: /resolve
Not Found: /ab2g
Not Found: /ab2h
Not Found: /alive.php
Not Found: /teorema505
Not Found: /robots.txt
Not Found: /owa/auth/x.js
Not Found: /xmlrpc.php
Not Found: /wiki
Not Found: /.env
Not Found: /.env
Not Found: //wp-includes/ID3/license.txt
Not Found: //feed/
Not Found: //xmlrpc.php
Not Found: //blog/wp-includes/wlwmanifest.xml
Not Found: //web/wp-includes/wlwmanifest.xml
Not Found: //wordpress/wp-includes/wlwmanifest.xml
Not Found: //wp/wp-includes/wlwmanifest.xml
Not Found: //2020/wp-includes/wlwmanifest.xml
Not Found: //2019/wp-includes/wlwmanifest.xml
Not Found: //2021/wp-includes/wlwmanifest.xml
Not Found: //shop/wp-includes/wlwmanifest.xml
Not Found: //wp1/wp-includes/wlwmanifest.xml
Not Found: //test/wp-includes/wlwmanifest.xml
Not Found: //site/wp-includes/wlwmanifest.xml
Not Found: //cms/wp-includes/wlwmanifest.xml
Not Found: //wp-includes/ID3/license.txt
Not Found: //feed/
Not Found: //xmlrpc.php
Not Found: //blog/wp-includes/wlwmanifest.xml
Not Found: //web/wp-includes/wlwmanifest.xml
Not Found: //wordpress/wp-includes/wlwmanifest.xml
Not Found: //wp/wp-includes/wlwmanifest.xml
Not Found: //2020/wp-includes/wlwmanifest.xml
Not Found: //2019/wp-includes/wlwmanifest.xml
Not Found: //2021/wp-includes/wlwmanifest.xml
Not Found: //shop/wp-includes/wlwmanifest.xml
Not Found: //wp1/wp-includes/wlwmanifest.xml
Not Found: //test/wp-includes/wlwmanifest.xml
Not Found: //site/wp-includes/wlwmanifest.xml
Not Found: //cms/wp-includes/wlwmanifest.xml
Not Found: /robots.txt
Not Found: /robots.txt
Not Found: //wp-includes/wlwmanifest.xml
Not Found: //xmlrpc.php
Not Found: //blog/wp-includes/wlwmanifest.xml
Not Found: //web/wp-includes/wlwmanifest.xml
Not Found: //wordpress/wp-includes/wlwmanifest.xml
Not Found: //website/wp-includes/wlwmanifest.xml
Not Found: //wp/wp-includes/wlwmanifest.xml
Not Found: //news/wp-includes/wlwmanifest.xml
Not Found: //2020/wp-includes/wlwmanifest.xml
Not Found: //2019/wp-includes/wlwmanifest.xml
Not Found: //shop/wp-includes/wlwmanifest.xml
Not Found: //wp1/wp-includes/wlwmanifest.xml
Not Found: //test/wp-includes/wlwmanifest.xml
Not Found: //wp2/wp-includes/wlwmanifest.xml
Not Found: //site/wp-includes/wlwmanifest.xml
Not Found: //cms/wp-includes/wlwmanifest.xml
Not Found: //sito/wp-includes/wlwmanifest.xml
Not Found: /robots.txt
Not Found: /user/password
Not Found: /.env
Not Found: /sites/all/libraries/plupload/examples/upload.php
Not Found: /robots.txt
Not Found: /aaa9
Not Found: /aab8
Not Found: /robots.txt
Not Found: /robots.txt
Not Found: /.env
Not Found: /wp-content/plugins/hellopress/wp_filemanager.php
Not Found: /error.php
Not Found: /kao.php
Not Found: /gggssdd.php
Not Found: /cincinnus.php
Not Found: /riming.php
Not Found: /sphaeristeria.php
Not Found: /kaza.php
Not Found: /031.php
Not Found: /ilex.php
Not Found: /flex.php
Not Found: /mlex.php
Not Found: /wlex.php
Not Found: /wp-aaa.php
Not Found: /vast.php
Not Found: /tor.php
Not Found: /klex.php
Not Found: /sec.php
Not Found: /about3.php
Not Found: /222.php
Not Found: /444.php
Not Found: /file9.php
Not Found: /filesss.php
Not Found: /file88.php
Not Found: /gifclass4.php
Not Found: /class-wp.php
Not Found: /wpls.php
Not Found: /555.php
Not Found: /333.php
Not Found: /gelap.php
Not Found: /class19.php
Not Found: /racs3.php
Not Found: /2clas.php
Not Found: /bless5.php
Not Found: /blex.php
Not Found: /ssss.php
Not Found: /file15.php
Not Found: /hk.php
Not Found: /aa21.php
Not Found: /alpa.php
Not Found: /file21.php
Not Found: /ssss.php
Not Found: /ut.php
Not Found: /inde.php
Not Found: /classgoto24.php
Not Found: /hook.php
Not Found: /ckk.php
Not Found: /te.php
Not Found: /haa.php
Not Found: /ioxi-o2.php
Not Found: /030.php
Not Found: /thh.php
Not Found: /fffff.php
Not Found: /akpc.php
Not Found: /indo.php
Not Found: /ws.php
Not Found: /an.php
Not Found: /dove.php
Not Found: /.well-known/acme-challenge/about.php
Not Found: /fileas.php
Not Found: /yellow.php
Not Found: /33.php
Not Found: /plss3.php
Not Found: /ton.php
Not Found: /he.php
Not Found: /thxt.php
Not Found: /wfile.php
Not Found: /gel4y.php
Not Found: /class20.php
Not Found: /build.php
Not Found: /1.php
Not Found: /asas.php
Not Found: /usep.php
Not Found: /wa.php
Not Found: /wb.php
Not Found: /file1.php
Not Found: /2.php
Not Found: /a2.php
Not Found: /a.php
Not Found: /gmo.php
Not Found: /info.php
Not Found: /file2.php
Not Found: /lv.php
Not Found: /about.php
Not Found: /abcd.php
Not Found: /lock360.php
Not Found: /alfa.php
Not Found: /NewFile.php
Not Found: /atomlib.php
Not Found: /wp.php
Not Found: /system_log.php
Not Found: /pp.php
Not Found: /geck.php
Not Found: /gm.php
Not Found: /makeasmtp.php
Not Found: /cccc.php
Not Found: /file4.php
Not Found: /ahax.php
Not Found: /520.php
Not Found: /CLA.php
Not Found: /cool.php
Not Found: /file18.php
Not Found: /ffile.php
Not Found: /file7.php
Not Found: /file.php
Not Found: /we.php
Not Found: /gfile.php
Not Found: /jlex3.php
Not Found: /moo.php
Not Found: /des.php
Not Found: /aaa.php
Not Found: /H.php
Not Found: /gifclass.php
Not Found: /pm.php
Not Found: /111.php
Not Found: /goat.php
Not Found: /wp-update.php
Not Found: /vee.php
Not Found: /efile.php
Not Found: /afile.php
Not Found: /errorfile.php
Not Found: /gold.php
Not Found: /gool.php
Not Found: /haikh.php
Not Found: /jmfi2.php
Not Found: /jmfi.php
Not Found: /admin.php
Not Found: /r.php
Not Found: /xc.php
Not Found: /php.php
Not Found: /lala.php
Not Found: /ff.php
Not Found: /alf.php
Not Found: /com.php
Not Found: /update.php
Not Found: /bolt.php
Not Found: /cfile.php
Not Found: /eauu.php
Not Found: /ava.php
Not Found: /f6.php
Not Found: /developmentserver/metadatauploader
Not Found: //wp-includes/wlwmanifest.xml
Not Found: //xmlrpc.php
Not Found: //blog/wp-includes/wlwmanifest.xml
Not Found: //web/wp-includes/wlwmanifest.xml
Not Found: //wordpress/wp-includes/wlwmanifest.xml
Not Found: //website/wp-includes/wlwmanifest.xml
Not Found: //wp/wp-includes/wlwmanifest.xml
Not Found: //news/wp-includes/wlwmanifest.xml
Not Found: //2020/wp-includes/wlwmanifest.xml
Not Found: //2019/wp-includes/wlwmanifest.xml
Not Found: //shop/wp-includes/wlwmanifest.xml
Not Found: //wp1/wp-includes/wlwmanifest.xml
Not Found: //test/wp-includes/wlwmanifest.xml
Not Found: //wp2/wp-includes/wlwmanifest.xml
Not Found: //site/wp-includes/wlwmanifest.xml
Not Found: //cms/wp-includes/wlwmanifest.xml
Not Found: //sito/wp-includes/wlwmanifest.xml
Not Found: /webui/
Not Found: /geoserver/web/
Not Found: /.git/config
Not Found: /.env
Not Found: /sftp-config.json
Not Found: /.vscode/sftp.json
Not Found: //wp-includes/ID3/license.txt
Not Found: //feed/
Not Found: //xmlrpc.php
Not Found: //blog/wp-includes/wlwmanifest.xml
Not Found: //web/wp-includes/wlwmanifest.xml
Not Found: //wordpress/wp-includes/wlwmanifest.xml
Not Found: //wp/wp-includes/wlwmanifest.xml
Not Found: //2020/wp-includes/wlwmanifest.xml
Not Found: //2019/wp-includes/wlwmanifest.xml
Not Found: //2021/wp-includes/wlwmanifest.xml
Not Found: //shop/wp-includes/wlwmanifest.xml
Not Found: //wp1/wp-includes/wlwmanifest.xml
Not Found: //test/wp-includes/wlwmanifest.xml
Not Found: //site/wp-includes/wlwmanifest.xml
Not Found: //cms/wp-includes/wlwmanifest.xml
Not Found: /.env
Not Found: /security.txt
Not Found: /wp-login.php
Not Found: /owa/auth/logon.aspx
Not Found: /.env
Not Found: /robots.txt
Not Found: /robots.txt
Not Found: /.env
Not Found: /robots.txt
Not Found: /sitemap.xml
Not Found: /.well-known/security.txt
Not Found: /.env
Not Found: /RDWeb
Not Found: /favicon.png
Not Found: /.env
Not Found: /.env.dist
Not Found: /.env.local
Not Found: /.env.production.local
Not Found: /.env.js
Not Found: /.env.prod.local
Not Found: /.env.development.local
Not Found: /.env.dev.local
Not Found: /.env
Not Found: /.env-config.js
Not Found: /.env.bak
Not Found: /.env.dist
Not Found: /.env.local
Not Found: /.env.production.local
Not Found: /.env.js
Not Found: /.env.prod.local
Not Found: /.env.development.local
Not Found: /.env.dev.local
Not Found: /.env
Not Found: /.env-config.js
Not Found: /.env.bak
Not Found: /.env.example
Not Found: /.env.stage
Not Found: /.env.live
Not Found: /.env.test
Not Found: /.env.staging
Not Found: /.env.production
Not Found: /.env.backup
Not Found: /.env.development
Not Found: /.env.prod
Not Found: /config.json
Not Found: /.env.example
Not Found: /.env.stage
Not Found: /.env.live
Not Found: /.env.test
Not Found: /.env.staging
Not Found: /.env.production
Not Found: /.env.backup
Not Found: /.env.development
Not Found: /.env.prod
Not Found: /config.json
Not Found: /config.yml
Not Found: /config.yaml
Not Found: /database.yml
Not Found: /database.json
Not Found: /database.php
Not Found: /db.php
Not Found: /db.json
Not Found: /db.yml
Not Found: /db.yaml
Not Found: /db.config
Not Found: /config.yml
Not Found: /config.yaml
Not Found: /database.yml
Not Found: /database.json
Not Found: /database.php
Not Found: /db.php
Not Found: /db.json
Not Found: /db.yml
Not Found: /db.yaml
Not Found: /db.config
Not Found: /dbconfig.php
Not Found: /aws.yml
Not Found: /aws-secret.yaml
Not Found: /.aws/credentials
Not Found: /.aws/config
Not Found: /.aws/credentials.json
Not Found: /.aws/credentials.yml
Not Found: /.aws/credentials.yaml
Not Found: /aws/config.json
Not Found: /aws/credentials.json
Not Found: /dbconfig.php
Not Found: /aws.yml
Not Found: /aws-secret.yaml
Not Found: /.aws/credentials
Not Found: /.aws/config
Not Found: /.aws/credentials.yml
Not Found: /.aws/credentials.json
Not Found: /.aws/credentials.yaml
Not Found: /aws/config.json
Not Found: /aws/credentials.json
Not Found: /docker-compose.yml
Not Found: /docker-compose.yaml
Not Found: /docker-compose.dev.yml
Not Found: /.docker/config.json
Not Found: /docker-compose.override.yml
Not Found: /wp-config.php
Not Found: /settings.py
Not Found: /appsettings.json
Not Found: /serverless.yml
Not Found: /serverless.yaml
Not Found: /docker-compose.yml
Not Found: /docker-compose.yaml
Not Found: /docker-compose.dev.yml
Not Found: /.docker/config.json
Not Found: /docker-compose.override.yml
Not Found: /wp-config.php
Not Found: /settings.py
Not Found: /appsettings.json
Not Found: /serverless.yml
Not Found: /serverless.yaml
Not Found: /serverless.json
Not Found: /composer.json
Not Found: /package.json
Not Found: /.travis.yml
Not Found: /.circleci/configs/development.yml
Not Found: /config/parameters.yml
Not Found: /config/local.yml
Not Found: /app/config/parameters.yml
Not Found: /config/application.yml
Not Found: /config/settings.json
Not Found: /serverless.json
Not Found: /package.json
Not Found: /composer.json
Not Found: /.travis.yml
Not Found: /.circleci/configs/development.yml
Not Found: /config/parameters.yml
Not Found: /config/local.yml
Not Found: /app/config/parameters.yml
Not Found: /config/application.yml
Not Found: /config/settings.json
Not Found: /config/settings.yml
Not Found: /keys.json
Not Found: /api-keys.json
Not Found: /apikeys.json
Not Found: /keys.yml
Not Found: /phpinfo.php
Not Found: /info.php
Not Found: /server_info.php
Not Found: /php_info.php
Not Found: /phpinfo.html
Not Found: /config/settings.yml
Not Found: /keys.json
Not Found: /api-keys.json
Not Found: /apikeys.json
Not Found: /keys.yml
Not Found: /phpinfo.php
Not Found: /info.php
Not Found: /server_info.php
Not Found: /php_info.php
Not Found: /phpinfo.html
Not Found: /phpinfo.txt
Not Found: /phpinfo/info.php
Not Found: /phpinfo/phpinfo.php
Not Found: /phpinfodev.php
Not Found: /phpsysinfo.php
Not Found: /phpsysinfo/info.php
Not Found: /phpsysinfo/phpinfo.php
Not Found: /phpsysinfo/phpsysinfo.php
Not Found: /test.php
Not Found: /debug.php
Not Found: /phpinfo.txt
Not Found: /phpinfo/info.php
Not Found: /phpinfo/phpinfo.php
Not Found: /phpinfodev.php
Not Found: /phpsysinfo.php
Not Found: /phpsysinfo/info.php
Not Found: /phpsysinfo/phpinfo.php
Not Found: /phpsysinfo/phpsysinfo.php
Not Found: /test.php
Not Found: /debug.php
Not Found: /admin/phpinfo.php
Not Found: /backend/phpinfo.php
Not Found: /public/phpinfo.php
Not Found: /dashboard/phpinfo.php
Not Found: /admin/server_info.php
Not Found: /phpversion.php
Not Found: /pinfo.php
Not Found: /test_info.php
Not Found: /system_info.php
Not Found: /swagger.json
Not Found: /admin/phpinfo.php
Not Found: /backend/phpinfo.php
Not Found: /public/phpinfo.php
Not Found: /dashboard/phpinfo.php
Not Found: /admin/server_info.php
Not Found: /phpversion.php
Not Found: /pinfo.php
Not Found: /test_info.php
Not Found: /system_info.php
Not Found: /swagger.json
Not Found: /swagger.yaml
Not Found: /swagger.yml
Not Found: /api/swagger.json
Not Found: /api/swagger.yaml
Not Found: /api/swagger.yml
Not Found: /api/v1/swagger.json
Not Found: /api/v2/swagger.json
Not Found: /api/documentation.json
Not Found: /api/config.js
Not Found: /apis/config/config.js
Not Found: /swagger.yaml
Not Found: /swagger.yml
Not Found: /api/swagger.json
Not Found: /api/swagger.yaml
Not Found: /api/swagger.yml
Not Found: /api/v1/swagger.json
Not Found: /api/v2/swagger.json
Not Found: /api/documentation.json
Not Found: /api/config.js
Not Found: /apis/config/config.js
Not Found: /apis/controllers/users.js
Not Found: /index.php
Not Found: /index.html
Not Found: /app.js
Not Found: /server.js
Not Found: /web.php
Not Found: /main.php
Not Found: /config.js
Not Found: /gatsby-config.js
Not Found: /karma.conf.json
Not Found: /index.html
Not Found: /app.js
Not Found: /apis/controllers/users.js
Not Found: /index.php
Not Found: /server.js
Not Found: /web.php
Not Found: /main.php
Not Found: /config.js
Not Found: /gatsby-config.js
Not Found: /karma.conf.json
Not Found: /next.config.js
Not Found: /nuxt.config.js
Not Found: /vue.config.js
Not Found: /webpack.config.js
Not Found: /webpack.dev.js
Not Found: /webpack.prod.js
Not Found: /angular.json
Not Found: /angular-cli.json
Not Found: /.gitconfig
Not Found: /.git/config
Not Found: /next.config.js
Not Found: /nuxt.config.js
Not Found: /vue.config.js
Not Found: /webpack.config.js
Not Found: /webpack.dev.js
Not Found: /angular.json
Not Found: /webpack.prod.js
Not Found: /angular-cli.json
Not Found: /.gitconfig
Not Found: /.git/config
Not Found: /config/mail.php
Not Found: /config/email.js
Not Found: /config/smtp.js
Not Found: /environment.ts
Not Found: /config.py
Not Found: /app/config.py
Not Found: /application.yml
Not Found: /secrets.json
Not Found: /config/mail.php
Not Found: /web.config
Not Found: /config/packages/mailer.yaml
Not Found: /config/email.js
Not Found: /config/smtp.js
Not Found: /environment.ts
Not Found: /config.py
Not Found: /app/config.py
Not Found: /application.yml
Not Found: /secrets.json
Not Found: /web.config
Not Found: /config/packages/mailer.yaml
Not Found: /config/params.php
Not Found: /config/autoload/global.php
Not Found: /app/etc/env.php
Not Found: /config.php
Not Found: /functions.php
Not Found: /settings.php
Not Found: /configuration.php
Not Found: /env.yaml
Not Found: /config/params.php
Not Found: /config/autoload/global.php
Not Found: /app/etc/env.php
Not Found: /config.php
Not Found: /functions.php
Not Found: /settings.php
Not Found: /configuration.php
Not Found: /env.yaml
Not Found: /robots.txt
Not Found: /robots.txt
Not Found: /robots.txt
Not Found: /.env
Not Found: /aa.php
Not Found: /abcd.php
Not Found: /admin.php
Not Found: /buy.php
Not Found: /cgi-bin/
Not Found: /edit.php
Not Found: /file.php
Not Found: /flower.php
Not Found: /images/index.php
Not Found: /info.php
Not Found: /ioxi-o.php
Not Found: /nc4.php
Not Found: /wp-admin/includes/
Not Found: /wp-content/upgrade/index.php
Not Found: /wp-content/uploads/admin.php
Not Found: /wp-good.php
Not Found: /wp-includes/Text/Diff/Renderer/
Not Found: /wp-includes/style-engine/
Not Found: /xmrlpc.php
Not Found: /about.php
Not Found: /adminfuns.php
Not Found: /alfa.php
Not Found: /asasx.php
Not Found: /autoload_classmap.php
Not Found: /classwithtostring.php
Not Found: /cong.php
Not Found: /file2.php
Not Found: /moon.php
Not Found: /wp-admin/css/colors/blue/index.php
Not Found: /wp-content/index.php
Not Found: /wp-content/plugins/yanierin/akcc.php
Not Found: /wp-content/uploads/index.php
Not Found: /wp-content/wp-conflg.php
Not Found: /wp-cron.php
Not Found: /wp-includes/IXR/
Not Found: /wp-includes/block-supports/
Not Found: /wp-includes/fonts/
Not Found: /wp-includes/fonts/index.php
Not Found: /wp-includes/js/crop/
Not Found: /wp-includes/rest-api/
Not Found: /wp-includes/widgets/
Not Found: /robots.txt
Not Found: /.env
Not Found: /phpinfo
Not Found: /phpinfo.php
Not Found: /portal/.env
Not Found: /env/.env
Not Found: /api/.env
Not Found: /app/.env
Not Found: /app/.env
Not Found: /dev/.env
Not Found: /new/.env
Not Found: /new/.env.local
Not Found: /new/.env.production
Not Found: /new/.env.staging
Not Found: /_phpinfo.php
Not Found: /_profiler/phpinfo
Not Found: /_profiler/phpinfo/info.php
Not Found: /_profiler/phpinfo/phpinfo.php
Not Found: /wp-config
Not Found: /awstats/.env
Not Found: /conf/.env
Not Found: /cron/.env
Not Found: /www/.env
Not Found: /docker/.env
Not Found: /docker/app/.env
Not Found: /env.backup
Not Found: /xampp/phpinfo.php
Not Found: /lara/info.php
Not Found: /lara/phpinfo.php
Not Found: /laravel/info.php
Not Found: /.vscode/.env
Not Found: /js/.env
Not Found: /laravel/.env
Not Found: /laravel/core/.env
Not Found: /mail/.env
Not Found: /mailer/.env
Not Found: /nginx/.env
Not Found: /public/.env
Not Found: /site/.env
Not Found: /xampp/.env
Not Found: /main/.env
Not Found: /node_modules/.env
Not Found: /kyc/.env
Not Found: /admin/.env
Not Found: /prod/.env
Not Found: /api/shared/config/config.env
Not Found: /api/shared/config.env
Not Found: /config.env
Not Found: /website/.env
Not Found: /development/.env
Not Found: /backend/.env
Not Found: /api/shared/config/.env
Not Found: /api/shared/.env
Not Found: /api/config.env
Not Found: /service/email_service.py
Not Found: /node/.env_example
Not Found: /.env.production.local
Not Found: /.env.local
Not Found: /.env.example
Not Found: /.env.stage
Not Found: /server/config/database.js
Not Found: /.env.old
Not Found: /.env_sample
Not Found: /scripts/nodemailer.js
Not Found: /.env.prod
Not Found: /crm/.env
Not Found: /local/.env
Not Found: /core/.env
Not Found: /apps/.env
Not Found: /application/.env
Not Found: /web/.env
Not Found: /.aws/credentials
Not Found: /wp-config.php.bak
Not Found: /info.php
Not Found: /dashboard/phpinfo.php
Not Found: /admin/server_info.php
Not Found: /server_info.php
Not Found: /app_dev.php/_profiler/phpinfo
Not Found: /test.php
Not Found: /server-info
Not Found: /server-info.php
Not Found: /secured/phpinfo.php
Not Found: /config.js
Not Found: /server.js
Not Found: /appsettings.json
Not Found: /shared/config/config.js
Not Found: /config/aws.yml
Not Found: /settings.py
Not Found: /config.json
Not Found: /main.js
Not Found: /config/constants.js
Not Found: /application.properties
Not Found: /public/js/main.js
Not Found: /js/main.js
Not Found: /storage/logs/laravel.log
Not Found: /karma.conf.json
Not Found: /swagger.json
Not Found: /swagger.js
Not Found: /gatsby-config.js
Not Found: /backend/config/default.yml
Not Found: /app.py
Not Found: /admin/controllers/merchant.js
Not Found: /admin/controllers/partner.js
Not Found: /api/config.js
Not Found: /api/objects/codes.php.save
Not Found: /apis/config/config.js
Not Found: /apis/controllers/users.js
Not Found: /app.js
Not Found: /backend/config/development.yml
Not Found: /cloud/Scraper.js
Not Found: /config/application.yml
Not Found: /config/storage.yml
Not Found: /configs/routes-4aug.js
Not Found: /configs/routes.js
Not Found: /configs/s3_config.json
Not Found: /controller/admin/post.js
Not Found: /controller/api/post.js
Not Found: /controllers/settings.js
Not Found: /getcpuutil.php-bakworking
Not Found: /helper.js
Not Found: /helper/EmailHelper.js
Not Found: /index.js
Not Found: /index.html
Not Found: /my_env/chakaash.py
Not Found: /my_env/newsletter.py
Not Found: /my_env/palash.py
Not Found: /mytest/astech_robot.js
Not Found: /partner/config/config.js
Not Found: /config/settings.json
Not Found: /config/settings.local
Not Found: /.circleci/configs/development.yml
Not Found: /config/settings.prod
Not Found: /app/config/parameters.yml
Not Found: /config/parameters.yml
Not Found: /user/config/config.js
Not Found: /user/controllers/index.js
Not Found: /.AWS_/credentials
Not Found: /config/local.yml
Not Found: /backend/config/settings.yml
Not Found: /api/config/config.yml
Not Found: /admin/config
Not Found: /appsettings.json
Not Found: /.travis.yml
Not Found: /aws.yml
Not Found: /sms.py
Not Found: /config/config.json
Not Found: /main.yml
Not Found: /helpers/utility.js
Not Found: /server/s3.js
Not Found: /s3.js
Not Found: /debug/default/view
Not Found: /aws/credentials
Not Found: /.aws/config
Not Found: /.git/config
Not Found: /ipfs/bafkreicyqcbhpicbos7ev4mrxofwqx6hvvge7pahpta6xuspr44crai5by
Not Found: /.env
Not Found: /.git/config
Not Found: /.env
Not Found: /robots.txt
Not Found: /ab2g
Not Found: /ab2h
Not Found: /alive.php
Not Found: /teorema505
Not Found: /wp-login.php
Not Found: /wp-login.php
Not Found: /wp-admin/
Not Found: /.git/config
Not Found: /ecp/Current/exporttool/microsoft.exchange.ediscovery.exporttool.application
Not Found: /actuator/health
Not Found: /.git/config
Not Found: /login
Not Found: /robots.txt
Not Found: /robots.txt
Not Found: /.git/config
Not Found: /.git/HEAD
Not Found: /pms
Not Found: /admin/config
Not Found: /latest/meta-data/iam/info
Not Found: /latest/meta-data/iam/security-credentials/
Not Found: /latest/meta-data/identity-credentials/ec2/security-credentials/ec2-instance
Not Found: /latest/api/token
Not Found: /metadata/instance
Not Found: /metadata/instance
Not Found: /metadata/instance/compute/userData
Not Found: /metadata/instance/compute/userData
Not Found: /metadata/identity/oauth2/token
Not Found: /computeMetadata/v1/instance/service-accounts/default/token
Not Found: /computeMetadata/v1/project/project-id
Not Found: /.env
Not Found: /.env.local
Not Found: /.env.production
Not Found: /.env.development
Not Found: /.env.staging
Not Found: /.env.backup
Not Found: /.env.test
Not Found: /.env.ci
Not Found: /apps/.env
Not Found: /services/.env
Not Found: /packages/.env
Invalid HTTP_HOST header: 'none'. You may need to add 'none' to ALLOWED_HOSTS.
Traceback (most recent call last):
  File "/home/ubuntu/.cache/pypoetry/virtualenvs/rewardshub-tAgjmBIm-py3.12/lib/python3.12/site-packages/django/core/handlers/exception.py", line 55, in inner
    response = get_response(request)
               ^^^^^^^^^^^^^^^^^^^^^
  File "/home/ubuntu/.cache/pypoetry/virtualenvs/rewardshub-tAgjmBIm-py3.12/lib/python3.12/site-packages/django/utils/deprecation.py", line 119, in __call__
    response = self.process_request(request)
               ^^^^^^^^^^^^^^^^^^^^^^^^^^^^^
  File "/home/ubuntu/.cache/pypoetry/virtualenvs/rewardshub-tAgjmBIm-py3.12/lib/python3.12/site-packages/django/middleware/common.py", line 48, in process_request
    host = request.get_host()
           ^^^^^^^^^^^^^^^^^^
  File "/home/ubuntu/.cache/pypoetry/virtualenvs/rewardshub-tAgjmBIm-py3.12/lib/python3.12/site-packages/django/http/request.py", line 202, in get_host
    raise DisallowedHost(msg)
django.core.exceptions.DisallowedHost: Invalid HTTP_HOST header: 'none'. You may need to add 'none' to ALLOWED_HOSTS.
Not Found: /wp-content/.env
Not Found: /laravel/.env
Not Found: /.aws/credentials
Not Found: /.aws/config
Not Found: /config.json
Not Found: /config/secrets.json
Not Found: /config/settings.json
Not Found: /config.yaml
Not Found: /config/twilio.json
Not Found: /app.js.map
Not Found: /bundle.js.map
Not Found: /main.js.map
Not Found: /vendor.js.map
Not Found: /docker-compose.yml
Not Found: /docker-compose.yaml
Not Found: /docker-compose.prod.yml
Not Found: /.gitlab-ci.yml
Not Found: /.github/workflows/deploy.yml
Not Found: /.github/workflows/main.yml
Not Found: /azure-pipelines.yml
Not Found: /netlify.toml
Not Found: /vercel.json
Not Found: /terraform.tfvars
Not Found: /.terraform/terraform.tfstate
Not Found: /.kube/config
Not Found: /kubernetes/secrets.yaml
Not Found: /developmentserver/metadatauploader
Not Found: //wp-includes/ID3/license.txt
Not Found: //feed/
Not Found: //xmlrpc.php
Not Found: //blog/wp-includes/wlwmanifest.xml
Not Found: //web/wp-includes/wlwmanifest.xml
Not Found: //wordpress/wp-includes/wlwmanifest.xml
Not Found: //wp/wp-includes/wlwmanifest.xml
Not Found: //2020/wp-includes/wlwmanifest.xml
Not Found: //2019/wp-includes/wlwmanifest.xml
Not Found: //2021/wp-includes/wlwmanifest.xml
Not Found: //shop/wp-includes/wlwmanifest.xml
Not Found: //wp1/wp-includes/wlwmanifest.xml
Not Found: //test/wp-includes/wlwmanifest.xml
Not Found: //site/wp-includes/wlwmanifest.xml
Not Found: //cms/wp-includes/wlwmanifest.xml
Not Found: /wp-content/plugins/hellopress/wp_filemanager.php
Not Found: /shoha.php
Not Found: /post.php
Not Found: /asd67.php
Not Found: /wp-includes/Text/Diff/Engine/about.php
Not Found: /wp-content/themes/twentytwentytwo/index.php
Not Found: /wp-content/plugins/wp-conflg.php
Not Found: /wp-admin/includes/xmrlpc.php
Not Found: /wp-includes/blocks/chosen.php
Not Found: /wp-content/themes/twentytwentytwo/alfa-rex.php
Not Found: /images/Marvins.php
Not Found: /wp-admin/doc.php
Not Found: /wp-admin/chosen.php
Not Found: /cgi-bin/cgi-bin/about.php7
Not Found: /function/admin.php
Not Found: /wp-content/languages/ty.php
Not Found: /wp-admin/css/colors/blue/atomlib.php
Not Found: /wp-content/upgrade/index.php
Not Found: /uploads/admin.php
Not Found: /wp-includes/js/codemirror/index.php
Not Found: /wp-content/themes/about.php
Not Found: /wp-includes/block-supports/about.php
Not Found: /wp-includes/SimplePie/index.php
Not Found: /wp-content/themes/file.php
Not Found: /f35.php
Not Found: /classwithtostring.php
Not Found: /mail.php
Not Found: /wp-mail.php/wp-includes/ID3/getid3s.php
Not Found: /wp-admin/css/colors/blue/makeasmtp.php
Not Found: /about/function.php
Not Found: /system_log.php
Not Found: /system.php
Not Found: /wp-admin/log.php
Not Found: /media.php
Not Found: /wp-admin/js/widgets/about.php7
Not Found: /wp-content/themes/admin.php
Not Found: /wp-content/themes/cay-van-phong/filemanager.php
Not Found: /menu.php
Not Found: /wp-includes/style-engine/index.php
Not Found: /02.php
Not Found: /makeasmtp.php
Not Found: /wp-includes/Text/wp-conflg.php
Not Found: /chosen.php
Not Found: /k.php
Not Found: /.well-known/log.php
Not Found: /lv.php
Not Found: /wp-includes/block-patterns/about.php
Not Found: /wp-includes/fonts/admin.php
Not Found: /goat1.php
Not Found: /wp-includes/IXR/wp-conflg.php
Not Found: /wp-includes/js/about.php
Not Found: /wp-includes/SimplePie/Content/Type/wp-login.php
Not Found: /wp-content/plugins/wp-help/index.php
Not Found: /wp-includes/Text/Diff/about.php
Not Found: /wp-conflg.php
Not Found: /wp-admin/classwithtostring.php
Not Found: /wp-content/themes.php
Not Found: /wp-admin/function.php
Not Found: /filemanager.php
Not Found: /themes.php
Not Found: /wp-includes/manager.php
Not Found: /wp-includes/block-patterns/index.php
Not Found: /wp-includes/sitemaps/providers/wp-login.php
Not Found: /images/about.php
Not Found: /wp-includes/pomo/about.php
Not Found: /wp-content/themes/1.php
Not Found: /admin/admin.php
Not Found: /bless.php
Not Found: /bless2.php
Not Found: /plugins.php
Not Found: /function/function.php
Not Found: /file.php
Not Found: /.well-known/pki-validation/index.php
Not Found: /class.php
Not Found: /wp-includes/html-api/index.php
Not Found: /wp-content/uploads/wp.php
Not Found: /wp-includes/IXR/index.php
Not Found: /CLA.php
Not Found: /as/function.php
Not Found: /atomlib.php
Not Found: /cc.php
Not Found: /wp-admin/css/wp-conflg.php
Not Found: /log.php
Not Found: /.well-known/pki-validation/dropdown.php
Not Found: /lock360.php
Not Found: /doc.php
Not Found: /wp-content/upgrade/admin.php
Not Found: /wp-admin/js/wp-conflg.php
Not Found: /wp-content/uploads/2024/index.php
Not Found: /wp-admin/includes/admin.php
Not Found: /wp-includes/SimplePie/admin.php
Not Found: /worksec.php
Not Found: /wp-admin/images/file.php
Not Found: /index/function.php
Not Found: /wp-admin/network/chosen.php
Not Found: /2.php
Not Found: /wp-admin/images/alfa-rex.php
Not Found: /wp-includes/theme-compat/wp-conflg.php/wp-content/plugins/google-seo-rank/install.php
Not Found: /mar.php
Not Found: /wp-includes/IXR/about.php
Not Found: /wp-content/themes/aahana/json.php
Not Found: /wp-configs.php
Not Found: /wp-admin/js/about.php
Not Found: /update/f35.php
Not Found: /radio.php
Not Found: /autoload_classmap.php
Not Found: /baxa1.phP8
Not Found: /wp-content/cong.php
Not Found: /about.php
Not Found: /item.php
Not Found: /jp.php
Not Found: /wp-content/packed.php
Not Found: /up.php
Not Found: /wp-content/languages/chosen.php
Not Found: /goods.php
Not Found: /.env
Not Found: /wp-content/plugins/hellopress/wp_filemanager.php
Not Found: /orm.php
Not Found: /gmo.php
Not Found: /akcc.php
Not Found: /nx.php
Not Found: /php.php
Not Found: /sx21_1.php
Not Found: /bluejackets.php
Not Found: /file17.php
Not Found: /pop.php
Not Found: /nx9.php
Not Found: /kwm4.php
Not Found: /ea3f.php
Not Found: /akp.php
Not Found: /xp.php
Not Found: /cwsd.php
Not Found: /1aa.php
Not Found: /litanies.php
Not Found: /asasx.php
Not Found: /just2.php
Not Found: /classwithtostring.php
Not Found: /j.php
Not Found: /g.php
Not Found: /ex.php
Not Found: /1.php
Not Found: /s.php
Not Found: /sx21_1.php
Not Found: /let.php
Not Found: /akcc.php
Not Found: /amphicyon.php
Not Found: /k.php
Not Found: /sec.php
Not Found: /xp.php
Not Found: /ext.php
Not Found: /autodiscover/autodiscover.json
Not Found: /.env
Not Found: /core/.env
Not Found: /web/.env
Not Found: /app/.env
Not Found: /laravel/.env
Not Found: /crm/.env
Not Found: /backend/.env
Not Found: /local/.env
Not Found: /application/.env
Not Found: /admin/.env
Not Found: /prod/.env
Not Found: /api/.env
Not Found: /blog/.env
Not Found: /.env.bak
Not Found: /vendor/laravel/.env
Not Found: /vendor/.env
Not Found: /public/.env
Not Found: /apps/.env
Not Found: /app/config/.env
Not Found: /portal/.env
Not Found: /config/.env
Not Found: /core/app/.env
Not Found: /.env.dev
Not Found: /.env.prod
Not Found: /.git/info/exclude
Not Found: /bitbucket-pipelines.yml
Not Found: /.gitlab-ci.yml
Not Found: /config/settings.yml
Not Found: /config/environments/development.rb
Not Found: /config/environments/production.rb
Not Found: /config/environments/staging.rb
Not Found: /wp-content/w3tc-config/master-preview.php
Not Found: /wp-content/w3tc-config/master.php
Not Found: /docker-compose.yml
Not Found: /.env.production
Not Found: /.env.save
Not Found: /shared/.env
Not Found: /system/.env
Not Found: /appsettings.json
Not Found: /api/src/.env
Not Found: /env.js
Not Found: /env.dev
Not Found: /.env_mail_server
Not Found: /project/.env
Not Found: /.env.development
Not Found: /private/.env
Not Found: /user/.env.staging
Not Found: /doc/.env
Not Found: /.env.stage
Not Found: /v1/.env
Not Found: /dev/.env
Not Found: /config/filesystems.php
Not Found: /config/mail.php
Not Found: /.aws/credentials
Not Found: /phpinfo
Not Found: /_profiler/phpinfo
Not Found: /phpinfo.php
Not Found: /info.php
Not Found: /wp-config.php.orig
Not Found: /wp-config.php
Not Found: /index.php
Not Found: /temp.php
Not Found: /config/queue.php
Not Found: /config/services.php
Not Found: /config/filesystems.php
Not Found: /info
Not Found: /phpinfo.php3
Not Found: /.env
Not Found: /@vite/env
Not Found: /@vite/env
Not Found: /actuator/env
Not Found: /actuator/env
Not Found: /server
Not Found: /server
Not Found: /.vscode/sftp.json
Not Found: /.vscode/sftp.json
Not Found: /about
Not Found: /about
Not Found: /debug/default/view
Not Found: /v2/_catalog
Not Found: /debug/default/view
Not Found: /ecp/Current/exporttool/microsoft.exchange.ediscovery.exporttool.application
Not Found: /v2/_catalog
Not Found: /server-status
Not Found: /ecp/Current/exporttool/microsoft.exchange.ediscovery.exporttool.application
Not Found: /login.action
Not Found: /server-status
Not Found: /_all_dbs
Not Found: /login.action
Not Found: /.DS_Store
Not Found: /_all_dbs
Not Found: /.env
Not Found: /.DS_Store
Not Found: /.git/config
Not Found: /.env
Not Found: /s/9323e2637313e2434313e233/_/;/META-INF/maven/com.atlassian.jira/jira-webapp-dist/pom.properties
Not Found: /.git/config
Not Found: /config.json
Not Found: /s/9323e2637313e2434313e233/_/;/META-INF/maven/com.atlassian.jira/jira-webapp-dist/pom.properties
Not Found: /telescope/requests
Not Found: /config.json
Not Found: /info.php
Not Found: /telescope/requests
Not Found: /info.php
Not Found: /#
Not Found: /robots.txt
Not Found: /robots.txt
Not Found: /#
Not Found: /#
Not Found: /robots.txt
Not Found: /.env
Not Found: /.env
Not Found: /sites/all/libraries/plupload/examples/upload.php
Not Found: //wp-includes/wlwmanifest.xml
Not Found: //xmlrpc.php
Not Found: //blog/wp-includes/wlwmanifest.xml
Not Found: //web/wp-includes/wlwmanifest.xml
Not Found: //wordpress/wp-includes/wlwmanifest.xml
Not Found: //website/wp-includes/wlwmanifest.xml
Not Found: //wp/wp-includes/wlwmanifest.xml
Not Found: //news/wp-includes/wlwmanifest.xml
Not Found: //2018/wp-includes/wlwmanifest.xml
Not Found: //2019/wp-includes/wlwmanifest.xml
Not Found: //shop/wp-includes/wlwmanifest.xml
Not Found: //wp1/wp-includes/wlwmanifest.xml
Not Found: //test/wp-includes/wlwmanifest.xml
Not Found: //media/wp-includes/wlwmanifest.xml
Not Found: //wp2/wp-includes/wlwmanifest.xml
Not Found: //site/wp-includes/wlwmanifest.xml
Not Found: //cms/wp-includes/wlwmanifest.xml
Not Found: //sito/wp-includes/wlwmanifest.xml
Not Found: /owa/auth/logon.aspx
Not Found: /robots.txt
Not Found: /.git/config
Not Found: /wordpress/
Not Found: /b97e117042044d1a9e04982a815036fb
Not Found: /e653e92c-76fd-4d39-83a4-a67189dcefcc
Not Found: /70a14bda-3e3a-43b9-bbab-f8b44bbfe748/
Not Found: /ee08e1af-676e-4587-9c17-f867fc2072c1
Not Found: /upi
Not Found: /card
Not Found: /coupon
Not Found: /credit
Not Found: /offer
Not Found: /bank
Not Found: /carts
Not Found: /india
Not Found: /hdfc
Not Found: /dashboard
Not Found: /manage
Not Found: /tmp
Not Found: /accounts
Not Found: /security
Not Found: /invoices
Not Found: /file
Not Found: /private
Not Found: /users
Not Found: /refund
Not Found: /support
Not Found: /invoice
Not Found: /bankonline
Not Found: /savings
Not Found: /prize
Not Found: /reward
Not Found: /unlock
Not Found: /cart
Not Found: /temp
Not Found: /service
Not Found: /claim
Not Found: /banking
Not Found: /sales
Not Found: /backup
Not Found: /orders
Not Found: /backups
Not Found: /secure
Not Found: /administrator
Not Found: /clients
Not Found: /web
Not Found: /icici
Not Found: /authorization
Not Found: /profiles
Not Found: /uploads
Not Found: /archive
Not Found: /profile
Not Found: /services
Not Found: /downloads
Not Found: /billing
Not Found: /files
Not Found: /authorize
Not Found: /private-data
Not Found: /configurations
Not Found: /api
Not Found: /balance
Not Found: /authentication
Not Found: /old
Not Found: /withdraw
Not Found: /confirm
Not Found: /system
Not Found: /upload
Not Found: /deposit
Not Found: /loan
Not Found: /log
Not Found: /help
Not Found: /transfer
Not Found: /store
Not Found: /settings
Not Found: /download
Not Found: /sys
Not Found: /order
Not Found: /verification
Not Found: /test
Not Found: /management
Not Found: /update
Not Found: /tests
Not Found: /config
Not Found: /user
Not Found: /admin
Not Found: /shop
Not Found: /statement
Not Found: /signin
Not Found: /netbanking
Not Found: /ebanking
Not Found: /portal
Not Found: /payment
Not Found: /auth
Not Found: /verify
Not Found: /data
Not Found: /transaction
Not Found: /account
Not Found: /client
Not Found: /logs
Not Found: /customer
Not Found: /checkout
Not Found: /root
Not Found: /apis
Not Found: /adminpanel
Not Found: /login
Not Found: /www
Not Found: /archives
Not Found: /configuration
Not Found: /controlpanel
Not Found: /activate
Not Found: /cp
Not Found: /cpanel
Not Found: /staff
Not Found: /staffs
Not Found: /userpanel
Not Found: /member
Not Found: /members
Not Found: /signup
Not Found: /register
Not Found: /registration
Not Found: /password
Not Found: /password-reset
Not Found: /password-recovery
Not Found: /reset
Not Found: /recover
Not Found: /session
Not Found: /sessions
Not Found: /token
Not Found: /tokens
Not Found: /key
Not Found: /keys
Not Found: /secret
Not Found: /secrets
Not Found: /config.php
Not Found: /index.php
Not Found: /home
Not Found: /home-page
Not Found: /main
Not Found: /default
Not Found: /public
Not Found: /hidden
Not Found: /hidden-files
Not Found: /cache
Not Found: /caches
Not Found: /db
Not Found: /database
Not Found: /databases
Not Found: /sql
Not Found: /dbadmin
Not Found: /phpmyadmin
Not Found: /webmail
Not Found: /email
Not Found: /emails
Not Found: /mail
Not Found: /mailer
Not Found: /contact.php
Not Found: /allthingsev
Not Found: /hdfcergohealth
Not Found: /hdfcergoknowledge
Not Found: /hdfcergo
Not Found: /hdfcbankfastag
Not Found: /hdfclifere
Not Found: /hdfclife
Not Found: /hdfcpension
Not Found: /hdfchealth
Not Found: /hdfclife-international
Not Found: /life99
Not Found: /htparekhfoundation
Not Found: /thehdfcschool
Not Found: /hdfccredila
Not Found: /hdfcfund
Not Found: /hdfccapital
Not Found: /hdfcpropertyfund
Not Found: /hdfcsales
Not Found: /hdfcbk
Not Found: /hbctxdom
Not Found: /hdbfs
Not Found: /hdfcsec
Not Found: /hdfcbankbahrain
Not Found: /hdfcbankhongkong
Not Found: /hdfcbank
Not Found: /npcisupport
Not Found: /bharat-connect
Not Found: /nipl
Not Found: /nfinite
Not Found: /digisaathi
Not Found: /upichalega
Not Found: /bharatbillpay
Not Found: /netc
Not Found: /npci
Not Found: /rupay
Not Found: /bhimupi
Not Found: /meeshoaiservices
Not Found: /meeshogrocery
Not Found: /valmo
Not Found: /meeshosuppliers
Not Found: /meeshosupplier
Not Found: /meeshoapp
Not Found: /meeshodesign
Not Found: /meesho
Not Found: /naiaisland
Not Found: /shamal
Not Found: /meraas
Not Found: /skydiveempuriabrava
Not Found: /theespressolab
Not Found: /hartshoreditch
Not Found: /fiveguys
Not Found: /sushisamba
Not Found: /zabeelinvestments
Not Found: /xyogadubai
Not Found: /xparkjr
Not Found: /thooq
Not Found: /thewppa
Not Found: /thesquareatnas
Not Found: /skyhub
Not Found: /shoofo
Not Found: /shamalinvestments
Not Found: /shamalgroup
Not Found: /shamaldevelopment
Not Found: /risellc
Not Found: /randsinvestments
Not Found: /nasgardensquare
Not Found: /nasgardens
Not Found: /jiwin-invest
Not Found: /gofast
Not Found: /extremeflight
Not Found: /dropzone
Not Found: /deepdivedubai
Not Found: /bcresidences
Not Found: /almedmar
Not Found: /almaktab
Not Found: /cruisedubai
Not Found: /csfcamps
Not Found: /reprobiotech
Not Found: /dubai360
Not Found: /0-gravity
Not Found: /baccaratresidencesdubai
Not Found: /fishfarm
Not Found: /jetman
Not Found: /inflightdubai
Not Found: /dubaifilm
Not Found: /dubaiharbourresidences
Not Found: /skydivedubai
Not Found: /xdubaishop
Not Found: /xdubai
Not Found: /kitebeach
Not Found: /dubaiharbour
Not Found: /shamalholding
Not Found: /iciciventure
Not Found: /icicibank
Not Found: /icicibankltd
Not Found: /icicihfc
Not Found: /icicibankbahrain
Not Found: /icicidirect
Not Found: /icicilombard
Not Found: /icicilombardemail
Not Found: /icicigroupcompanies
Not Found: /insurancepp
Not Found: /prodicicilombard
Not Found: /insuranceprod
Not Found: /autoninja
Not Found: /ilgicltd
Not Found: /ilomgic
Not Found: /ilomgeneralinsurance
Not Found: /ilom
Not Found: /hellowin
Not Found: /hellowyn
Not Found: /icicilombardmail
Not Found: /engage-il
Not Found: /myicicilombard
Not Found: /ilgic
Not Found: /icici-lombard
Not Found: /icicilombardmails
Not Found: /ninjacrm
Not Found: /ilgicdash
Not Found: /itraceit
Not Found: /insurancearticlez
Not Found: /valmodeliverypartner
Not Found: /valmo-delivery-partner
Not Found: /valmofranchise
Not Found: /valmo-franchise
Not Found: /valmologistics
Not Found: /valmo-logistics
Not Found: /icicicareers
Not Found: /icici-careers
Not Found: /icicibankcreditcard
Not Found: /icici-bank-credit-card
Not Found: /icicibankcustomercare
Not Found: /icici-bank-customer-care
Not Found: /icicipoint
Not Found: /icici-point
Not Found: /icicireward
Not Found: /icici-reward
Not Found: /icici-bank
Not Found: /hdfc-bank
Not Found: /hdfcbankcares
Not Found: /hdfcbank-cares
Not Found: /hdfcbankfinancialservices
Not Found: /hdfc-bank-financial-services
Not Found: /hdfcsecuritieslimited
Not Found: /hdfc-securities-limited
Not Found: /lombardicici
Not Found: /lombard-icici
Not Found: /ottobuddy
Not Found: /otto-buddy
Not Found: /iltakecare
Not Found: /il-take-care
Not Found: /icicilombardgic
Not Found: /icici-lombard-gic
Not Found: /ipartnermobileicicilombard
Not Found: /ipartner-mobile-icici-lombard
Not Found: /icicilombardozone
Not Found: /icici-lombard-ozone
Not Found: /naiaislanddubai
Not Found: /naia-island-dubai
Not Found: /discovernaia
Not Found: /discover-naia
Not Found: /experiencenaia
Not Found: /experience-naia
Not Found: /visitnaiadubai
Not Found: /visit-naiadubai
Not Found: /naiadubae
Not Found: /naia-dubae
Not Found: /naiadubay
Not Found: /naia-dubay
Not Found: /visitnaia-dubai
Not Found: /naia-islanddubai
Not Found: /naiadubaiisland
Not Found: /naia-dubaiisland
Not Found: /naiadubai
Not Found: /naia-dubai
Not Found: /stayatnaia
Not Found: /stayat-naia
Not Found: /naia-island
Not Found: /naidubai
Not Found: /naaiaisland
Not Found: /naaia-island
Not Found: /naiaaisland
Not Found: /naiaa-island
Not Found: /nayaaisland
Not Found: /nayaa-island
Not Found: /nayaisland
Not Found: /naya-island
Not Found: /naiaislandproject
Not Found: /naia-island-project
Not Found: /naia-dubai-island
Not Found: /shamalisland
Not Found: /shamal-island
Not Found: /theislandummsuqeim
Not Found: /the-island-umm-suqeim
Not Found: /islandatummsuqeim
Not Found: /island-at-umm-suqeim
Not Found: /ummsuqeimislanddubai
Not Found: /umm-suqeim-island-dubai
Not Found: /ummsuqeimislandbyshamal
Not Found: /umm-suqeim-island-by-shamal
Not Found: /ummsuqeimisland
Not Found: /umm-suqeim-island
Not Found: /islandbyshamal
Not Found: /island-by-shamal
Not Found: /theislandbyshamal
Not Found: /the-island-by-shamal
Not Found: /skydivedubaiaed
Not Found: /skydive-dubai-aed
Not Found: /almeidavillas
Not Found: /al-meida-villas
Not Found: /nadalshebagarden
Not Found: /nad-al-sheba-garden
Not Found: /0gravitydubai
Not Found: /0-gravity-dubai
Not Found: /0gravitybeachclub
Not Found: /0-gravity-beachclub
Not Found: /xdubai-shop
Not Found: /baccarat-residences-dubai
Not Found: /kitebeachdubai
Not Found: /kite-beach-dubai
Not Found: /fishfarmdubai
Not Found: /fish-farm-dubai
Not Found: /fishfarmllc
Not Found: /fish-farm-llc
Not Found: /dubaiharbourmarinas
Not Found: /dubai-harbour-marinas
Not Found: /zabeelsaray
Not Found: /zabeel-saray
Not Found: /skyhubdubai
Not Found: /skyhub-dubai
Not Found: /inflight-dubai
Not Found: /deep-dive-dubai
Not Found: /xdubaipark
Not Found: /dubai-harbour-residences
Not Found: /baccarathotelandresidences
Not Found: /baccarat-hotel-and-residences
Not Found: /shamal-holding
Not Found: /hdfcergouat
Not Found: /hdfcergo-uat
Not Found: /hdfc-ergo-uat
Not Found: /hdfcergohealthinsurancecompanylimited
Not Found: /hdfc-ergo-health-insurance-company-limited
Not Found: /hdfcergogeneralinsurancecompanylimited
Not Found: /hdfc-ergo-general-insurance-company-limited
Not Found: /hdfc-ergo
Not Found: /bharatconnect
Not Found: /erupi
Not Found: /bharat-bill-pay
Not Found: /e-rupi
Not Found: /upiqr
Not Found: /bhim-spoof
Not Found: /bhimspoof
Not Found: /upi-money
Not Found: /upimoney
Not Found: /upigateway
Not Found: /upi-gateway
Not Found: /upipay
Not Found: /upi-pay
Not Found: /aadharatmpay
Not Found: /npciinternationalpaymentslimited
Not Found: /123pay
Not Found: /bhimcustomer
Not Found: /npci-international-payments-limited
Not Found: /bhim-customer
Not Found: /bhimmakingindiacashless
Not Found: /bhim-making-india-cashless
Not Found: /bhimpayments
Not Found: /bhim-payments
Not Found: /bhimaadhaarpay
Not Found: /bhim-aadhaar-pay
Not Found: /nachapb
Not Found: /nach-apb
Not Found: /aadhaarpaymentbridge
Not Found: /aadhaar-payment-bridge
Not Found: /nachsystem
Not Found: /nach-system
Not Found: /bbpou
Not Found: /bharatbillpaymentoperatingunit
Not Found: /bharat-bill-payment-operating-unit
Not Found: /bbpcu
Not Found: /bharatbillpaymentcentralunit
Not Found: /bharat-bill-payment-central-unit
Not Found: /bharatbillpaymentsystem
Not Found: /bharat-bill-payment-system
Not Found: /rupayprepaidcard
Not Found: /rupay-prepaid-card
Not Found: /bharatqr
Not Found: /bharat-qr
Not Found: /rupayglobal
Not Found: /rupay-global
Not Found: /rupaycreditcard
Not Found: /rupay-credit-card
Not Found: /neftinternetbanking
Not Found: /neft-internet-banking
Not Found: /aadhaarauthentication
Not Found: /aadhaar-authentication
Not Found: /nfsswitch
Not Found: /nfs-switch
Not Found: /netctransactions
Not Found: /netc-transactions
Not Found: /netcprogram
Not Found: /netc-program
Not Found: /upihandle
Not Found: /upi-handle
Not Found: /netcfastag
Not Found: /netc-fastag
Not Found: /upiid
Not Found: /upi-id
Not Found: /upiapp
Not Found: /upi-app
Not Found: /bhimrecharge
Not Found: /bhim-recharge
Not Found: /bhimapp
Not Found: /bhim-app
Not Found: /upipin
Not Found: /upi-pin
Not Found: /bhim-upi
Not Found: /upi-chalega
Not Found: /rupayselect
Not Found: /rupay-select
Not Found: /rtgsnpci
Not Found: /rtgs-npci
Not Found: /onocnpci
Not Found: /onoc-npci
Not Found: /npcinet
Not Found: /nationalpayments
Not Found: /national-payments
Not Found: /npciclearinghouse
Not Found: /npci-clearing-house
Not Found: /ncmcwallet
Not Found: /ncmc-wallet
Not Found: /immediatepaymentsystem
Not Found: /immediate-payment-system
Not Found: /immediatepaymentservice
Not Found: /immediate-payment-service
Not Found: /upi-qr
Not Found: /npcivajra
Not Found: /npci-vajra
Not Found: /npcimapper
Not Found: /npci-mapper
Not Found: /virtualpaymentaddress
Not Found: /virtual-payment-address
Not Found: /rupayglobalclearingsystem
Not Found: /rupay-global-clearing-system
Not Found: /realtimegrosssettlement
Not Found: /real-time-gross-settlement
Not Found: /nationalunifiedussdplatform
Not Found: /national-unified-ussd-platform
Not Found: /nationalpaymentscorporationofindia
Not Found: /national-payments-corporation-of-india
Not Found: /nationalpaymentscorporation
Not Found: /national-payments-corporation
Not Found: /nationalfinancialswitch
Not Found: /national-financial-switch
Not Found: /nationalelectronictollcollection
Not Found: /national-electronic-toll-collection
Not Found: /nationalelectronicfundstransfer
Not Found: /national-electronic-funds-transfer
Not Found: /nationalcommonmobilitycard
Not Found: /national-common-mobility-card
Not Found: /nationalautomatedclearinghouse
Not Found: /national-automated-clearing-house
Not Found: /linkbasedpayment
Not Found: /link-based-payment
Not Found: /interoperablecashdeposit
Not Found: /interoperable-cash-deposit
Not Found: /interoperablecardlesscashwithdrawal
Not Found: /interoperable-cardless-cash-withdrawal
Not Found: /commonservicearea
Not Found: /common-service-area
Not Found: /cardtocardfundtransfer
Not Found: /card-to-card-fund-transfer
Not Found: /bharatecommercepaymentgateway
Not Found: /bharat-ecommerce-payment-gateway
Not Found: /bhimqr
Not Found: /bhim-qr
Not Found: /bharatswitch
Not Found: /bharat-switch
Not Found: /bharatinterfaceformoney
Not Found: /bharat-interface-for-money
Not Found: /bharatclearingsettlement
Not Found: /bharat-clearing-settlement
Not Found: /bharat-billpay
Not Found: /aadhaarnumberseeding
Not Found: /aadhaar-number-seeding
Not Found: /aadhaarenabledpaymentsystem
Not Found: /aadhaar-enabled-payment-system
Not Found: /unifiedpaymentsinterface
Not Found: /unified-payments-interface
Not Found: /npciupi
Not Found: /npci-upi
Not Found: /upinpci
Not Found: /upi-npci
Not Found: /chequetruncationsystem
Not Found: /cheque-truncation-system
Not Found: /ctsnpci
Not Found: /cts-npci
Not Found: /neftnpci
Not Found: /neft-npci
Not Found: /impsnpci
Not Found: /imps-npci
Not Found: /bhimnpci
Not Found: /bhim-npci
Not Found: /nachnpci
Not Found: /nach-npci
Not Found: /aepsnpci
Not Found: /aeps-npci
Not Found: /nuupnpci
Not Found: /nuup-npci
Not Found: /fastag
Not Found: /apbsnpci
Not Found: /apbs-npci
Not Found: /rupaycontactless
Not Found: /rupay-contactless
Not Found: /rgcsnpci
Not Found: /rgcs-npci
Not Found: /bbpsnpci
Not Found: /bbps-npci
Not Found: /bhimaadhaar
Not Found: /bhim-aadhaar
Not Found: /netcnpci
Not Found: /netc---npci
Not Found: /nfsnpci
Not Found: /nfs-npci
Not Found: /aeps
Not Found: /bhim
Not Found: /robots.txt
Not Found: /6b4506b8857440faad5cabfa16ed69b2
Not Found: /8b827f10-1c75-478d-b111-8dbe7110fc52/
Not Found: /5e2d4f86-3cdd-4c01-9587-156d1004e8f8
Not Found: /5a136e42-4666-4a99-a5be-b5338e3aa522
Not Found: /deposit
Not Found: /india
Not Found: /upi
Not Found: /bank
Not Found: /credit
Not Found: /confirm
Not Found: /netbanking
Not Found: /activate
Not Found: /auth
Not Found: /backup
Not Found: /withdraw
Not Found: /unlock
Not Found: /carts
Not Found: /logs
Not Found: /banking
Not Found: /update
Not Found: /file
Not Found: /card
Not Found: /user
Not Found: /clients
Not Found: /customer
Not Found: /reward
Not Found: /payment
Not Found: /management
Not Found: /data
Not Found: /test
Not Found: /uploads
Not Found: /transaction
Not Found: /upload
Not Found: /loan
Not Found: /balance
Not Found: /tmp
Not Found: /verify
Not Found: /signin
Not Found: /downloads
Not Found: /statement
Not Found: /savings
Not Found: /private-data
Not Found: /transfer
Not Found: /client
Not Found: /download
Not Found: /bankonline
Not Found: /ebanking
Not Found: /offer
Not Found: /coupon
Not Found: /login
Not Found: /sys
Not Found: /temp
Not Found: /tests
Not Found: /backups
Not Found: /shop
Not Found: /archives
Not Found: /prize
Not Found: /archive
Not Found: /apis
Not Found: /order
Not Found: /hdfc
Not Found: /icici
Not Found: /services
Not Found: /log
Not Found: /portal
Not Found: /old
Not Found: /api
Not Found: /admin
Not Found: /sales
Not Found: /administrator
Not Found: /users
Not Found: /secure
Not Found: /refund
Not Found: /accounts
Not Found: /private
Not Found: /settings
Not Found: /invoice
Not Found: /security
Not Found: /service
Not Found: /orders
Not Found: /dashboard
Not Found: /help
Not Found: /profile
Not Found: /support
Not Found: /authorization
Not Found: /authorize
Not Found: /files
Not Found: /profiles
Not Found: /authentication
Not Found: /configurations
Not Found: /billing
Not Found: /config
Not Found: /www
Not Found: /claim
Not Found: /account
Not Found: /web
Not Found: /cart
Not Found: /manage
Not Found: /configuration
Not Found: /verification
Not Found: /root
Not Found: /checkout
Not Found: /invoices
Not Found: /store
Not Found: /system
Not Found: /adminpanel
Not Found: /cpanel
Not Found: /cp
Not Found: /controlpanel
Not Found: /staffs
Not Found: /staff
Not Found: /userpanel
Not Found: /member
Not Found: /members
Not Found: /signup
Not Found: /register
Not Found: /registration
Not Found: /password
Not Found: /password-reset
Not Found: /password-recovery
Not Found: /reset
Not Found: /recover
Not Found: /session
Not Found: /sessions
Not Found: /token
Not Found: /tokens
Not Found: /key
Not Found: /keys
Not Found: /secret
Not Found: /secrets
Not Found: /config.php
Not Found: /index.php
Not Found: /home
Not Found: /home-page
Not Found: /main
Not Found: /default
Not Found: /public
Not Found: /hidden
Not Found: /hidden-files
Not Found: /cache
Not Found: /caches
Not Found: /db
Not Found: /database
Not Found: /databases
Not Found: /sql
Not Found: /dbadmin
Not Found: /phpmyadmin
Not Found: /webmail
Not Found: /email
Not Found: /emails
Not Found: /mail
Not Found: /mailer
Not Found: /contact.php
Not Found: /allthingsev
Not Found: /hdfcergohealth
Not Found: /hdfcergoknowledge
Not Found: /hdfcergo
Not Found: /meeshoaiservices
Not Found: /meeshogrocery
Not Found: /valmo
Not Found: /meeshosuppliers
Not Found: /meeshosupplier
Not Found: /meeshoapp
Not Found: /meeshodesign
Not Found: /meesho
Not Found: /hdfcbankfastag
Not Found: /hdfclifere
Not Found: /hdfclife
Not Found: /hdfcpension
Not Found: /hdfchealth
Not Found: /hdfclife-international
Not Found: /life99
Not Found: /htparekhfoundation
Not Found: /thehdfcschool
Not Found: /hdfccredila
Not Found: /hdfcfund
Not Found: /hdfccapital
Not Found: /hdfcpropertyfund
Not Found: /hdfcsales
Not Found: /hdfcbk
Not Found: /hbctxdom
Not Found: /hdbfs
Not Found: /hdfcsec
Not Found: /hdfcbankbahrain
Not Found: /hdfcbankhongkong
Not Found: /hdfcbank
Not Found: /npcisupport
Not Found: /bharat-connect
Not Found: /nipl
Not Found: /nfinite
Not Found: /digisaathi
Not Found: /upichalega
Not Found: /bharatbillpay
Not Found: /netc
Not Found: /npci
Not Found: /rupay
Not Found: /bhimupi
Not Found: /icicilombard
Not Found: /icicilombardemail
Not Found: /icicigroupcompanies
Not Found: /insurancepp
Not Found: /prodicicilombard
Not Found: /insuranceprod
Not Found: /autoninja
Not Found: /ilgicltd
Not Found: /ilomgic
Not Found: /ilomgeneralinsurance
Not Found: /ilom
Not Found: /hellowin
Not Found: /hellowyn
Not Found: /icicilombardmail
Not Found: /engage-il
Not Found: /myicicilombard
Not Found: /ilgic
Not Found: /icici-lombard
Not Found: /icicilombardmails
Not Found: /ninjacrm
Not Found: /ilgicdash
Not Found: /itraceit
Not Found: /insurancearticlez
Not Found: /iciciventure
Not Found: /icicibank
Not Found: /icicibankltd
Not Found: /icicihfc
Not Found: /icicibankbahrain
Not Found: /icicidirect
Not Found: /naiaisland
Not Found: /shamal
Not Found: /meraas
Not Found: /skydiveempuriabrava
Not Found: /theespressolab
Not Found: /hartshoreditch
Not Found: /fiveguys
Not Found: /sushisamba
Not Found: /zabeelinvestments
Not Found: /xyogadubai
Not Found: /xparkjr
Not Found: /thooq
Not Found: /thewppa
Not Found: /thesquareatnas
Not Found: /skyhub
Not Found: /shoofo
Not Found: /shamalinvestments
Not Found: /shamalgroup
Not Found: /shamaldevelopment
Not Found: /risellc
Not Found: /randsinvestments
Not Found: /nasgardensquare
Not Found: /nasgardens
Not Found: /jiwin-invest
Not Found: /gofast
Not Found: /extremeflight
Not Found: /dropzone
Not Found: /deepdivedubai
Not Found: /bcresidences
Not Found: /almedmar
Not Found: /almaktab
Not Found: /cruisedubai
Not Found: /csfcamps
Not Found: /reprobiotech
Not Found: /dubai360
Not Found: /0-gravity
Not Found: /baccaratresidencesdubai
Not Found: /fishfarm
Not Found: /jetman
Not Found: /inflightdubai
Not Found: /dubaifilm
Not Found: /dubaiharbourresidences
Not Found: /skydivedubai
Not Found: /xdubaishop
Not Found: /xdubai
Not Found: /kitebeach
Not Found: /dubaiharbour
Not Found: /shamalholding
Not Found: /icicicareers
Not Found: /icici-careers
Not Found: /icicibankcreditcard
Not Found: /icici-bank-credit-card
Not Found: /icicibankcustomercare
Not Found: /icici-bank-customer-care
Not Found: /icicipoint
Not Found: /icici-point
Not Found: /icicireward
Not Found: /icici-reward
Not Found: /icici-bank
Not Found: /hdfc-bank
Not Found: /hdfcbankcares
Not Found: /hdfcbank-cares
Not Found: /hdfcbankfinancialservices
Not Found: /hdfc-bank-financial-services
Not Found: /hdfcsecuritieslimited
Not Found: /hdfc-securities-limited
Not Found: /hdfcergouat
Not Found: /hdfcergo-uat
Not Found: /hdfc-ergo-uat
Not Found: /hdfcergohealthinsurancecompanylimited
Not Found: /hdfc-ergo-health-insurance-company-limited
Not Found: /hdfcergogeneralinsurancecompanylimited
Not Found: /hdfc-ergo-general-insurance-company-limited
Not Found: /hdfc-ergo
Not Found: /valmodeliverypartner
Not Found: /valmo-delivery-partner
Not Found: /valmofranchise
Not Found: /valmo-franchise
Not Found: /valmologistics
Not Found: /valmo-logistics
Not Found: /lombardicici
Not Found: /lombard-icici
Not Found: /ottobuddy
Not Found: /otto-buddy
Not Found: /iltakecare
Not Found: /il-take-care
Not Found: /icicilombardgic
Not Found: /icici-lombard-gic
Not Found: /ipartnermobileicicilombard
Not Found: /ipartner-mobile-icici-lombard
Not Found: /icicilombardozone
Not Found: /icici-lombard-ozone
Not Found: /naiaislanddubai
Not Found: /naia-island-dubai
Not Found: /discovernaia
Not Found: /discover-naia
Not Found: /experiencenaia
Not Found: /experience-naia
Not Found: /visitnaiadubai
Not Found: /visit-naiadubai
Not Found: /naiadubae
Not Found: /naia-dubae
Not Found: /naiadubay
Not Found: /naia-dubay
Not Found: /visitnaia-dubai
Not Found: /naia-islanddubai
Not Found: /naiadubaiisland
Not Found: /naia-dubaiisland
Not Found: /naiadubai
Not Found: /naia-dubai
Not Found: /stayatnaia
Not Found: /stayat-naia
Not Found: /naia-island
Not Found: /naidubai
Not Found: /naaiaisland
Not Found: /naaia-island
Not Found: /naiaaisland
Not Found: /naiaa-island
Not Found: /nayaaisland
Not Found: /nayaa-island
Not Found: /nayaisland
Not Found: /naya-island
Not Found: /naiaislandproject
Not Found: /naia-island-project
Not Found: /naia-dubai-island
Not Found: /shamalisland
Not Found: /shamal-island
Not Found: /theislandummsuqeim
Not Found: /the-island-umm-suqeim
Not Found: /islandatummsuqeim
Not Found: /island-at-umm-suqeim
Not Found: /ummsuqeimislanddubai
Not Found: /umm-suqeim-island-dubai
Not Found: /ummsuqeimislandbyshamal
Not Found: /umm-suqeim-island-by-shamal
Not Found: /ummsuqeimisland
Not Found: /umm-suqeim-island
Not Found: /islandbyshamal
Not Found: /island-by-shamal
Not Found: /theislandbyshamal
Not Found: /the-island-by-shamal
Not Found: /skydivedubaiaed
Not Found: /skydive-dubai-aed
Not Found: /almeidavillas
Not Found: /al-meida-villas
Not Found: /nadalshebagarden
Not Found: /nad-al-sheba-garden
Not Found: /0gravitydubai
Not Found: /0-gravity-dubai
Not Found: /0gravitybeachclub
Not Found: /0-gravity-beachclub
Not Found: /xdubai-shop
Not Found: /baccarat-residences-dubai
Not Found: /kitebeachdubai
Not Found: /kite-beach-dubai
Not Found: /fishfarmdubai
Not Found: /fish-farm-dubai
Not Found: /fishfarmllc
Not Found: /fish-farm-llc
Not Found: /dubaiharbourmarinas
Not Found: /dubai-harbour-marinas
Not Found: /zabeelsaray
Not Found: /zabeel-saray
Not Found: /skyhubdubai
Not Found: /skyhub-dubai
Not Found: /inflight-dubai
Not Found: /deep-dive-dubai
Not Found: /xdubaipark
Not Found: /dubai-harbour-residences
Not Found: /baccarathotelandresidences
Not Found: /baccarat-hotel-and-residences
Not Found: /shamal-holding
Not Found: /bharatconnect
Not Found: /bharat-bill-pay
Not Found: /bhimspoof
Not Found: /bhim-spoof
Not Found: /erupi
Not Found: /e-rupi
Not Found: /upiqr
Not Found: /upimoney
Not Found: /upi-money
Not Found: /upigateway
Not Found: /upi-gateway
Not Found: /upipay
Not Found: /upi-pay
Not Found: /aadharatmpay
Not Found: /npciinternationalpaymentslimited
Not Found: /npci-international-payments-limited
Not Found: /123pay
Not Found: /bhimcustomer
Not Found: /bhim-customer
Not Found: /bhimmakingindiacashless
Not Found: /bhim-making-india-cashless
Not Found: /bhimpayments
Not Found: /bhim-payments
Not Found: /bhimaadhaarpay
Not Found: /bhim-aadhaar-pay
Not Found: /nachapb
Not Found: /nach-apb
Not Found: /aadhaarpaymentbridge
Not Found: /aadhaar-payment-bridge
Not Found: /nachsystem
Not Found: /nach-system
Not Found: /bbpou
Not Found: /bharatbillpaymentoperatingunit
Not Found: /bharat-bill-payment-operating-unit
Not Found: /bbpcu
Not Found: /bharatbillpaymentcentralunit
Not Found: /bharat-bill-payment-central-unit
Not Found: /bharatbillpaymentsystem
Not Found: /bharat-bill-payment-system
Not Found: /rupayprepaidcard
Not Found: /rupay-prepaid-card
Not Found: /bharatqr
Not Found: /bharat-qr
Not Found: /rupayglobal
Not Found: /rupay-global
Not Found: /rupaycreditcard
Not Found: /rupay-credit-card
Not Found: /neftinternetbanking
Not Found: /neft-internet-banking
Not Found: /aadhaarauthentication
Not Found: /aadhaar-authentication
Not Found: /nfsswitch
Not Found: /nfs-switch
Not Found: /netctransactions
Not Found: /netc-transactions
Not Found: /netcprogram
Not Found: /netc-program
Not Found: /upihandle
Not Found: /upi-handle
Not Found: /netcfastag
Not Found: /netc-fastag
Not Found: /upiid
Not Found: /upi-id
Not Found: /upiapp
Not Found: /upi-app
Not Found: /bhimrecharge
Not Found: /bhim-recharge
Not Found: /bhimapp
Not Found: /bhim-app
Not Found: /upipin
Not Found: /upi-pin
Not Found: /bhim-upi
Not Found: /upi-chalega
Not Found: /rupayselect
Not Found: /rupay-select
Not Found: /rtgsnpci
Not Found: /rtgs-npci
Not Found: /onocnpci
Not Found: /onoc-npci
Not Found: /npcinet
Not Found: /nationalpayments
Not Found: /national-payments
Not Found: /npciclearinghouse
Not Found: /npci-clearing-house
Not Found: /ncmcwallet
Not Found: /ncmc-wallet
Not Found: /immediatepaymentsystem
Not Found: /immediate-payment-system
Not Found: /immediatepaymentservice
Not Found: /immediate-payment-service
Not Found: /upi-qr
Not Found: /npcivajra
Not Found: /npci-vajra
Not Found: /npcimapper
Not Found: /npci-mapper
Not Found: /virtualpaymentaddress
Not Found: /virtual-payment-address
Not Found: /rupayglobalclearingsystem
Not Found: /rupay-global-clearing-system
Not Found: /realtimegrosssettlement
Not Found: /real-time-gross-settlement
Not Found: /nationalunifiedussdplatform
Not Found: /national-unified-ussd-platform
Not Found: /nationalpaymentscorporationofindia
Not Found: /national-payments-corporation-of-india
Not Found: /nationalpaymentscorporation
Not Found: /national-payments-corporation
Not Found: /nationalfinancialswitch
Not Found: /national-financial-switch
Not Found: /nationalelectronictollcollection
Not Found: /national-electronic-toll-collection
Not Found: /nationalelectronicfundstransfer
Not Found: /national-electronic-funds-transfer
Not Found: /nationalcommonmobilitycard
Not Found: /national-common-mobility-card
Not Found: /nationalautomatedclearinghouse
Not Found: /national-automated-clearing-house
Not Found: /linkbasedpayment
Not Found: /link-based-payment
Not Found: /interoperablecashdeposit
Not Found: /interoperable-cash-deposit
Not Found: /interoperablecardlesscashwithdrawal
Not Found: /interoperable-cardless-cash-withdrawal
Not Found: /commonservicearea
Not Found: /common-service-area
Not Found: /cardtocardfundtransfer
Not Found: /card-to-card-fund-transfer
Not Found: /bharatecommercepaymentgateway
Not Found: /bharat-ecommerce-payment-gateway
Not Found: /bhimqr
Not Found: /bhim-qr
Not Found: /bharatswitch
Not Found: /bharat-switch
Not Found: /bharatinterfaceformoney
Not Found: /bharat-interface-for-money
Not Found: /bharatclearingsettlement
Not Found: /bharat-clearing-settlement
Not Found: /bharat-billpay
Not Found: /aadhaarnumberseeding
Not Found: /aadhaar-number-seeding
Not Found: /aadhaarenabledpaymentsystem
Not Found: /aadhaar-enabled-payment-system
Not Found: /unifiedpaymentsinterface
Not Found: /unified-payments-interface
Not Found: /npciupi
Not Found: /npci-upi
Not Found: /upinpci
Not Found: /upi-npci
Not Found: /chequetruncationsystem
Not Found: /cheque-truncation-system
Not Found: /ctsnpci
Not Found: /cts-npci
Not Found: /neftnpci
Not Found: /neft-npci
Not Found: /impsnpci
Not Found: /imps-npci
Not Found: /bhimnpci
Not Found: /bhim-npci
Not Found: /nachnpci
Not Found: /nach-npci
Not Found: /aepsnpci
Not Found: /aeps-npci
Not Found: /nuupnpci
Not Found: /nuup-npci
Not Found: /fastag
Not Found: /apbsnpci
Not Found: /apbs-npci
Not Found: /rupaycontactless
Not Found: /rupay-contactless
Not Found: /rgcsnpci
Not Found: /rgcs-npci
Not Found: /bbpsnpci
Not Found: /bbps-npci
Not Found: /bhimaadhaar
Not Found: /bhim-aadhaar
Not Found: /netcnpci
Not Found: /netc---npci
Not Found: /nfsnpci
Not Found: /nfs-npci
Not Found: /aeps
Not Found: /bhim
Not Found: /.git/config
Not Found: /robots.txt
Not Found: /security.txt
Not Found: /.env
Invalid HTTP_HOST header: 'reheat-cold-boiled-fish-or-not.pmjonmbdxwmzwqomnbefevwequg.org'. You may need to add 'reheat-cold-boiled-fish-or-not.pmjonmbdxwmzwqomnbefevwequg.org' to ALLOWED_HOSTS.
Traceback (most recent call last):
  File "/home/ubuntu/.cache/pypoetry/virtualenvs/rewardshub-tAgjmBIm-py3.12/lib/python3.12/site-packages/django/core/handlers/exception.py", line 55, in inner
    response = get_response(request)
               ^^^^^^^^^^^^^^^^^^^^^
  File "/home/ubuntu/.cache/pypoetry/virtualenvs/rewardshub-tAgjmBIm-py3.12/lib/python3.12/site-packages/django/utils/deprecation.py", line 119, in __call__
    response = self.process_request(request)
               ^^^^^^^^^^^^^^^^^^^^^^^^^^^^^
  File "/home/ubuntu/.cache/pypoetry/virtualenvs/rewardshub-tAgjmBIm-py3.12/lib/python3.12/site-packages/django/middleware/common.py", line 48, in process_request
    host = request.get_host()
           ^^^^^^^^^^^^^^^^^^
  File "/home/ubuntu/.cache/pypoetry/virtualenvs/rewardshub-tAgjmBIm-py3.12/lib/python3.12/site-packages/django/http/request.py", line 202, in get_host
    raise DisallowedHost(msg)
django.core.exceptions.DisallowedHost: Invalid HTTP_HOST header: 'reheat-cold-boiled-fish-or-not.pmjonmbdxwmzwqomnbefevwequg.org'. You may need to add 'reheat-cold-boiled-fish-or-not.pmjonmbdxwmzwqomnbefevwequg.org' to ALLOWED_HOSTS.
Not Found: //wp-includes/wlwmanifest.xml
Not Found: //xmlrpc.php
Not Found: //blog/wp-includes/wlwmanifest.xml
Not Found: //web/wp-includes/wlwmanifest.xml
Not Found: //wordpress/wp-includes/wlwmanifest.xml
Not Found: //website/wp-includes/wlwmanifest.xml
Not Found: //wp/wp-includes/wlwmanifest.xml
Not Found: //news/wp-includes/wlwmanifest.xml
Not Found: //2018/wp-includes/wlwmanifest.xml
Not Found: //2019/wp-includes/wlwmanifest.xml
Not Found: //shop/wp-includes/wlwmanifest.xml
Not Found: //wp1/wp-includes/wlwmanifest.xml
Not Found: //test/wp-includes/wlwmanifest.xml
Not Found: //media/wp-includes/wlwmanifest.xml
Not Found: //wp2/wp-includes/wlwmanifest.xml
Not Found: //site/wp-includes/wlwmanifest.xml
Not Found: //cms/wp-includes/wlwmanifest.xml
Not Found: //sito/wp-includes/wlwmanifest.xml
Not Found: /webui/
Not Found: /geoserver/web/
Not Found: /robots.txt
Not Found: /robots.txt
Not Found: /.git/config
Not Found: /wp-login.php
Invalid HTTP_HOST header: 'none'. You may need to add 'none' to ALLOWED_HOSTS.
Traceback (most recent call last):
  File "/home/ubuntu/.cache/pypoetry/virtualenvs/rewardshub-tAgjmBIm-py3.12/lib/python3.12/site-packages/django/core/handlers/exception.py", line 55, in inner
    response = get_response(request)
               ^^^^^^^^^^^^^^^^^^^^^
  File "/home/ubuntu/.cache/pypoetry/virtualenvs/rewardshub-tAgjmBIm-py3.12/lib/python3.12/site-packages/django/utils/deprecation.py", line 119, in __call__
    response = self.process_request(request)
               ^^^^^^^^^^^^^^^^^^^^^^^^^^^^^
  File "/home/ubuntu/.cache/pypoetry/virtualenvs/rewardshub-tAgjmBIm-py3.12/lib/python3.12/site-packages/django/middleware/common.py", line 48, in process_request
    host = request.get_host()
           ^^^^^^^^^^^^^^^^^^
  File "/home/ubuntu/.cache/pypoetry/virtualenvs/rewardshub-tAgjmBIm-py3.12/lib/python3.12/site-packages/django/http/request.py", line 202, in get_host
    raise DisallowedHost(msg)
django.core.exceptions.DisallowedHost: Invalid HTTP_HOST header: 'none'. You may need to add 'none' to ALLOWED_HOSTS.
Not Found: /security.txt
Not Found: /robots.txt
Not Found: /.env
Not Found: //wp-includes/wlwmanifest.xml
Not Found: //xmlrpc.php
Not Found: //blog/wp-includes/wlwmanifest.xml
Not Found: //web/wp-includes/wlwmanifest.xml
Not Found: //wordpress/wp-includes/wlwmanifest.xml
Not Found: //website/wp-includes/wlwmanifest.xml
Not Found: //wp/wp-includes/wlwmanifest.xml
Not Found: //news/wp-includes/wlwmanifest.xml
Not Found: //2018/wp-includes/wlwmanifest.xml
Not Found: //2019/wp-includes/wlwmanifest.xml
Not Found: //shop/wp-includes/wlwmanifest.xml
Not Found: //wp1/wp-includes/wlwmanifest.xml
Not Found: //test/wp-includes/wlwmanifest.xml
Not Found: //media/wp-includes/wlwmanifest.xml
Not Found: //wp2/wp-includes/wlwmanifest.xml
Not Found: //site/wp-includes/wlwmanifest.xml
Not Found: //cms/wp-includes/wlwmanifest.xml
Not Found: //sito/wp-includes/wlwmanifest.xml
Not Found: /owa/auth/x.js
Not Found: /.env
Not Found: /robots.txt
Not Found: /.env
Not Found: /wp-login.php
Not Found: /.env
Not Found: /remote/login
Not Found: /login
Not Found: /version
Not Found: /.env
Not Found: /.env
Not Found: /.env.save
Not Found: /.env.save1
Not Found: /.env.old
Not Found: /app/.env
Not Found: /.env.production
Not Found: /.env.staging
Not Found: /.remote
Not Found: /.local
Not Found: /.production
Not Found: /vendor/.env
Not Found: /lib/.env
Not Found: /lab/.env
Not Found: /cronlab/.env
Not Found: /cron/.env
Not Found: /core/.env
Not Found: /core/app/.env
Not Found: /core/Datavase/.env
Not Found: /database/.env
Not Found: /config/.env
Not Found: /assets/.env
Not Found: /app/.env
Not Found: /apps/.env
Not Found: /uploads/.env
Not Found: /sitemaps/.env
Not Found: /saas/.env
Not Found: /api/.env
Not Found: /psnlink/.env
Not Found: /exapi/.env
Not Found: /site/.env
Not Found: /admin/.env
Not Found: /web/.env
Not Found: /public/.env
Not Found: /en/.env
Not Found: /tools/.env
Not Found: /v1/.env
Not Found: /v2/.env
Not Found: /administrator/.env
Not Found: /laravel/.env
Not Found: /config.json
Not Found: /.remote
Not Found: /.local
Not Found: /.production
Not Found: /vendor/config.json
Not Found: /lib/config.json
Not Found: /lab/config.json
Not Found: /cronlab/config.json
Not Found: /cron/config.json
Not Found: /core/config.json
Not Found: /core/app/config.json
Not Found: /core/Datavase/config.json
Not Found: /database/config.json
Not Found: /config/config.json
Not Found: /assets/config.json
Not Found: /app/config.json
Not Found: /apps/config.json
Not Found: /uploads/config.json
Not Found: /sitemaps/config.json
Not Found: /saas/config.json
Not Found: /api/config.json
Not Found: /psnlink/config.json
Not Found: /exapi/config.json
Not Found: /site/config.json
Not Found: /admin/config.json
Not Found: /web/config.json
Not Found: /public/config.json
Not Found: /en/config.json
Not Found: /tools/config.json
Not Found: /v1/config.json
Not Found: /v2/config.json
Not Found: /administrator/config.json
Not Found: /laravel/config.json
Not Found: /remote/logincheck
Not Found: /robots.txt
Not Found: /robots.txt
Not Found: /.env
Not Found: //wp-includes/wlwmanifest.xml
Not Found: //xmlrpc.php
Not Found: //blog/wp-includes/wlwmanifest.xml
Not Found: //web/wp-includes/wlwmanifest.xml
Not Found: //wordpress/wp-includes/wlwmanifest.xml
Not Found: //website/wp-includes/wlwmanifest.xml
Not Found: //wp/wp-includes/wlwmanifest.xml
Not Found: //news/wp-includes/wlwmanifest.xml
Not Found: //2020/wp-includes/wlwmanifest.xml
Not Found: //2019/wp-includes/wlwmanifest.xml
Not Found: //shop/wp-includes/wlwmanifest.xml
Not Found: //wp1/wp-includes/wlwmanifest.xml
Not Found: //test/wp-includes/wlwmanifest.xml
Not Found: //wp2/wp-includes/wlwmanifest.xml
Not Found: //site/wp-includes/wlwmanifest.xml
Not Found: //cms/wp-includes/wlwmanifest.xml
Not Found: //sito/wp-includes/wlwmanifest.xml
Not Found: /aa.php
Not Found: /about.php
Not Found: /admin.php
Not Found: /akc.php
Not Found: /alfa.php
Not Found: /asasx.php
Not Found: /atomlib.php
Not Found: /autoload_classmap.php
Not Found: /autoload_classmap/function.php
Not Found: /abcd.php
Not Found: /file.php
Not Found: /wp-includes/IXR/autoload_classmap.php
Not Found: /makeasmtp.php
Not Found: /ioxi-o.php
Not Found: /wp-content/index.php
Not Found: /index.php
Not Found: /files.php
Not Found: /lock360.php
Not Found: /classwithtostring.php
Not Found: /chosen.php
Not Found: /goods.php
Not Found: /wp-admin/
Not Found: /info.php/aa.php
Not Found: /wp-content/themes/intense/block-css.php
Not Found: /about/function.php/aa.php
Not Found: /wp-includes/PHPMailer/Ab0ut.php/aa.php
Not Found: /modules/mod_simplefileuploadv1.3/elements/file.php/aa.php
Not Found: /wp-includes/widgets/
Not Found: /test1.php/aa.php
Not Found: /flower.php
Not Found: /wp-includes/ID3/
Not Found: /wp-includes/ID3/autoload_classmap.php
Not Found: /wp-includes/SimplePie/XML/
Not Found: /wp-includes/Text/
Not Found: /cgi-bin/
Not Found: /doc.php
Not Found: /edit.php
Not Found: /functions.php
Not Found: /img/post.php
Not Found: /manager.php
Not Found: /radio.php
Not Found: /root.php
Not Found: /sim.php
Not Found: /system_log.php
Not Found: /update/
Not Found: /wp-includes/PHPMailer/wp-conflg.php
Not Found: /wp-includes/blocks/comments/
Not Found: /gecko.php
Not Found: /xmrlpc.php
Not Found: /wp-content/uploads/index.php
Not Found: /moon.php
Not Found: /wp-content/uploads/admin.php
Not Found: /uploads/admin.php
Not Found: /info.php
Not Found: /k.php
Not Found: /nc4.php
Not Found: /wp-content/plugins/autoload_classmap.php
Not Found: /file2.php
Not Found: /wp-content/themes/chosen.php
Not Found: /wp-includes/certificates/admin.php
Not Found: /wp-admin/wp-conflg.php
Not Found: /wp-content/file.php
Not Found: /wp-content/plugins/
Not Found: /.well-known/
Not Found: /.well-known/gecko-litespeed.php
Not Found: /2021/01/16/upload-and-download-file-using-multipart-form-over-
Not Found: /WSO.php
Not Found: /developmentserver/metadatauploader
Not Found: /currentsetting.htm
Not Found: /currentsetting.htm
Not Found: /currentsetting.htm
Not Found: /currentsetting.htm
Not Found: /currentsetting.htm
Not Found: /currentsetting.htm
Not Found: /currentsetting.htm
Not Found: /currentsetting.htm
Not Found: /currentsetting.htm
Not Found: /currentsetting.htm
Not Found: /currentsetting.htm
Not Found: /currentsetting.htm
Not Found: /.env
Not Found: /owa/auth/logon.aspx
Not Found: /.git/config
Not Found: /.env
Not Found: /d07a400a247048ce935b2be47dae54df
Not Found: /9ae5f40f-3ba4-4a14-a341-ec51af517ca6/
Not Found: /2995b916-bdc1-4df8-a62a-26faaba36744
Not Found: /bc150f34-1ea6-4c7a-8004-2e3da2e78a56
Not Found: /invoice
Not Found: /bank
Not Found: /account
Not Found: /upi
Not Found: /india
Not Found: /credit
Not Found: /card
Not Found: /offer
Not Found: /carts
Not Found: /hdfc
Not Found: /refund
Not Found: /apis
Not Found: /api
Not Found: /icici
Not Found: /loan
Not Found: /config
Not Found: /file
Not Found: /order
Not Found: /statement
Not Found: /administrator
Not Found: /portal
Not Found: /www
Not Found: /old
Not Found: /tmp
Not Found: /private
Not Found: /secure
Not Found: /private-data
Not Found: /sys
Not Found: /test
Not Found: /store
Not Found: /backup
Not Found: /archive
Not Found: /backups
Not Found: /logs
Not Found: /cart
Not Found: /authentication
Not Found: /clients
Not Found: /activate
Not Found: /payment
Not Found: /web
Not Found: /log
Not Found: /tests
Not Found: /client
Not Found: /services
Not Found: /temp
Not Found: /root
Not Found: /system
Not Found: /shop
Not Found: /coupon
Not Found: /transfer
Not Found: /update
Not Found: /security
Not Found: /authorization
Not Found: /support
Not Found: /confirm
Not Found: /authorize
Not Found: /netbanking
Not Found: /bankonline
Not Found: /claim
Not Found: /signin
Not Found: /service
Not Found: /profile
Not Found: /reward
Not Found: /configurations
Not Found: /prize
Not Found: /banking
Not Found: /orders
Not Found: /savings
Not Found: /deposit
Not Found: /withdraw
Not Found: /transaction
Not Found: /balance
Not Found: /user
Not Found: /users
Not Found: /ebanking
Not Found: /unlock
Not Found: /customer
Not Found: /archives
Not Found: /accounts
Not Found: /login
Not Found: /admin
Not Found: /manage
Not Found: /sales
Not Found: /checkout
Not Found: /adminpanel
Not Found: /cpanel
Not Found: /member
Not Found: /management
Not Found: /signup
Not Found: /members
Not Found: /files
Not Found: /invoices
Not Found: /data
Not Found: /uploads
Not Found: /register
Not Found: /registration
Not Found: /password
Not Found: /password-reset
Not Found: /recover
Not Found: /session
Not Found: /keys
Not Found: /secrets
Not Found: /config.php
Not Found: /index.php
Not Found: /home
Not Found: /configuration
Not Found: /dashboard
Not Found: /download
Not Found: /downloads
Not Found: /help
Not Found: /auth
Not Found: /profiles
Not Found: /verification
Not Found: /default
Not Found: /billing
Not Found: /sessions
Not Found: /upload
Not Found: /tokens
Not Found: /cp
Not Found: /token
Not Found: /controlpanel
Not Found: /hidden
Not Found: /hidden-files
Not Found: /cache
Not Found: /home-page
Not Found: /main
Not Found: /sql
Not Found: /dbadmin
Not Found: /databases
Not Found: /database
Not Found: /webmail
Not Found: /phpmyadmin
Not Found: /caches
Not Found: /db
Not Found: /emails
Not Found: /mailer
Not Found: /staffs
Not Found: /secret
Not Found: /password-recovery
Not Found: /public
Not Found: /reset
Not Found: /email
Not Found: /verify
Not Found: /key
Not Found: /settings
Not Found: /staff
Not Found: /mail
Not Found: /userpanel
Not Found: /contact.php
Not Found: /375ce3cb68854e34a81fd759cc967c4d
Not Found: /e7fcf302-6b05-43a9-9a12-3efb3474f090
Not Found: /0910c561-1a54-41d2-a134-264fa1820b67/
Not Found: /c996b2e8-b4f9-4290-b862-41c2d176d2fe
Not Found: /coupon
Not Found: /card
Not Found: /upi
Not Found: /carts
Not Found: /user
Not Found: /bank
Not Found: /hdfc
Not Found: /india
Not Found: /security
Not Found: /customer
Not Found: /icici
Not Found: /system
Not Found: /savings
Not Found: /management
Not Found: /private
Not Found: /tests
Not Found: /authorization
Not Found: /configuration
Not Found: /account
Not Found: /store
Not Found: /ebanking
Not Found: /backups
Not Found: /activate
Not Found: /service
Not Found: /archive
Not Found: /credit
Not Found: /web
Not Found: /users
Not Found: /accounts
Not Found: /signin
Not Found: /withdraw
Not Found: /upload
Not Found: /transfer
Not Found: /download
Not Found: /temp
Not Found: /billing
Not Found: /file
Not Found: /test
Not Found: /orders
Not Found: /manage
Not Found: /api
Not Found: /log
Not Found: /dashboard
Not Found: /uploads
Not Found: /update
Not Found: /offer
Not Found: /help
Not Found: /secure
Not Found: /old
Not Found: /tmp
Not Found: /loan
Not Found: /invoice
Not Found: /files
Not Found: /verification
Not Found: /profile
Not Found: /sys
Not Found: /config
Not Found: /cart
Not Found: /confirm
Not Found: /verify
Not Found: /private-data
Not Found: /administrator
Not Found: /netbanking
Not Found: /settings
Not Found: /authentication
Not Found: /deposit
Not Found: /unlock
Not Found: /banking
Not Found: /downloads
Not Found: /portal
Not Found: /balance
Not Found: /order
Not Found: /apis
Not Found: /refund
Not Found: /authorize
Not Found: /backup
Not Found: /admin
Not Found: /payment
Not Found: /logs
Not Found: /profiles
Not Found: /www
Not Found: /support
Not Found: /invoices
Not Found: /statement
Not Found: /configurations
Not Found: /auth
Not Found: /claim
Not Found: /clients
Not Found: /transaction
Not Found: /login
Not Found: /client
Not Found: /reward
Not Found: /root
Not Found: /prize
Not Found: /bankonline
Not Found: /shop
Not Found: /data
Not Found: /services
Not Found: /controlpanel
Not Found: /cp
Not Found: /staff
Not Found: /userpanel
Not Found: /archives
Not Found: /sales
Not Found: /adminpanel
Not Found: /checkout
Not Found: /cpanel
Not Found: /staffs
Not Found: /member
Not Found: /members
Not Found: /signup
Not Found: /register
Not Found: /registration
Not Found: /password
Not Found: /password-reset
Not Found: /password-recovery
Not Found: /reset
Not Found: /recover
Not Found: /session
Not Found: /sessions
Not Found: /token
Not Found: /tokens
Not Found: /key
Not Found: /keys
Not Found: /secret
Not Found: /secrets
Not Found: /config.php
Not Found: /index.php
Not Found: /home
Not Found: /home-page
Not Found: /main
Not Found: /default
Not Found: /public
Not Found: /hidden-files
Not Found: /hidden
Not Found: /cache
Not Found: /caches
Not Found: /db
Not Found: /database
Not Found: /databases
Not Found: /sql
Not Found: /dbadmin
Not Found: /phpmyadmin
Not Found: /webmail
Not Found: /email
Not Found: /emails
Not Found: /mail
Not Found: /mailer
Not Found: /contact.php
Not Found: /iciciventure
Not Found: /icicibank
Not Found: /icicibankltd
Not Found: /icicihfc
Not Found: /icicibankbahrain
Not Found: /icicidirect
Not Found: /meeshoaiservices
Not Found: /meeshogrocery
Not Found: /valmo
Not Found: /meeshosuppliers
Not Found: /meeshosupplier
Not Found: /meeshoapp
Not Found: /meeshodesign
Not Found: /meesho
Not Found: /allthingsev
Not Found: /hdfcergohealth
Not Found: /hdfcergoknowledge
Not Found: /hdfcergo
Not Found: /npcisupport
Not Found: /bharat-connect
Not Found: /nipl
Not Found: /nfinite
Not Found: /digisaathi
Not Found: /upichalega
Not Found: /bharatbillpay
Not Found: /netc
Not Found: /npci
Not Found: /rupay
Not Found: /bhimupi
Not Found: /naiaisland
Not Found: /shamal
Not Found: /meraas
Not Found: /skydiveempuriabrava
Not Found: /theespressolab
Not Found: /hartshoreditch
Not Found: /fiveguys
Not Found: /sushisamba
Not Found: /zabeelinvestments
Not Found: /xyogadubai
Not Found: /xparkjr
Not Found: /thooq
Not Found: /thewppa
Not Found: /thesquareatnas
Not Found: /skyhub
Not Found: /shoofo
Not Found: /shamalinvestments
Not Found: /shamalgroup
Not Found: /shamaldevelopment
Not Found: /risellc
Not Found: /randsinvestments
Not Found: /nasgardensquare
Not Found: /nasgardens
Not Found: /jiwin-invest
Not Found: /gofast
Not Found: /extremeflight
Not Found: /dropzone
Not Found: /deepdivedubai
Not Found: /bcresidences
Not Found: /almedmar
Not Found: /almaktab
Not Found: /cruisedubai
Not Found: /csfcamps
Not Found: /reprobiotech
Not Found: /dubai360
Not Found: /0-gravity
Not Found: /baccaratresidencesdubai
Not Found: /fishfarm
Not Found: /jetman
Not Found: /inflightdubai
Not Found: /dubaifilm
Not Found: /dubaiharbourresidences
Not Found: /skydivedubai
Not Found: /xdubaishop
Not Found: /xdubai
Not Found: /kitebeach
Not Found: /dubaiharbour
Not Found: /shamalholding
Not Found: /hdfcbankfastag
Not Found: /hdfclifere
Not Found: /hdfclife
Not Found: /hdfcpension
Not Found: /hdfchealth
Not Found: /hdfclife-international
Not Found: /life99
Not Found: /htparekhfoundation
Not Found: /thehdfcschool
Not Found: /hdfccredila
Not Found: /hdfcfund
Not Found: /hdfccapital
Not Found: /hdfcpropertyfund
Not Found: /hdfcsales
Not Found: /hdfcbk
Not Found: /hbctxdom
Not Found: /hdbfs
Not Found: /hdfcsec
Not Found: /hdfcbankbahrain
Not Found: /hdfcbankhongkong
Not Found: /hdfcbank
Not Found: /icicilombard
Not Found: /icicilombardemail
Not Found: /icicigroupcompanies
Not Found: /insurancepp
Not Found: /prodicicilombard
Not Found: /insuranceprod
Not Found: /autoninja
Not Found: /ilgicltd
Not Found: /ilomgic
Not Found: /ilomgeneralinsurance
Not Found: /ilom
Not Found: /hellowin
Not Found: /hellowyn
Not Found: /icicilombardmail
Not Found: /engage-il
Not Found: /myicicilombard
Not Found: /ilgic
Not Found: /icici-lombard
Not Found: /icicilombardmails
Not Found: /ninjacrm
Not Found: /ilgicdash
Not Found: /itraceit
Not Found: /insurancearticlez
Not Found: /hdfcergouat
Not Found: /hdfcergo-uat
Not Found: /hdfc-ergo-uat
Not Found: /hdfcergohealthinsurancecompanylimited
Not Found: /hdfc-ergo-health-insurance-company-limited
Not Found: /hdfcergogeneralinsurancecompanylimited
Not Found: /hdfc-ergo-general-insurance-company-limited
Not Found: /hdfc-ergo
Not Found: /valmodeliverypartner
Not Found: /valmo-delivery-partner
Not Found: /valmofranchise
Not Found: /valmo-franchise
Not Found: /valmologistics
Not Found: /valmo-logistics
Not Found: /lombardicici
Not Found: /lombard-icici
Not Found: /ottobuddy
Not Found: /otto-buddy
Not Found: /iltakecare
Not Found: /il-take-care
Not Found: /icicilombardgic
Not Found: /icici-lombard-gic
Not Found: /ipartnermobileicicilombard
Not Found: /ipartner-mobile-icici-lombard
Not Found: /icicilombardozone
Not Found: /icici-lombard-ozone
Not Found: /hdfc-bank
Not Found: /hdfcbankcares
Not Found: /hdfcbank-cares
Not Found: /hdfcbankfinancialservices
Not Found: /hdfc-bank-financial-services
Not Found: /hdfcsecuritieslimited
Not Found: /hdfc-securities-limited
Not Found: /naiaislanddubai
Not Found: /naia-island-dubai
Not Found: /discovernaia
Not Found: /discover-naia
Not Found: /experiencenaia
Not Found: /experience-naia
Not Found: /visitnaiadubai
Not Found: /visit-naiadubai
Not Found: /naiadubae
Not Found: /naia-dubae
Not Found: /naiadubay
Not Found: /naia-dubay
Not Found: /visitnaia-dubai
Not Found: /naia-islanddubai
Not Found: /naiadubaiisland
Not Found: /naia-dubaiisland
Not Found: /naiadubai
Not Found: /naia-dubai
Not Found: /stayatnaia
Not Found: /stayat-naia
Not Found: /naia-island
Not Found: /naidubai
Not Found: /naaiaisland
Not Found: /naaia-island
Not Found: /naiaaisland
Not Found: /naiaa-island
Not Found: /nayaaisland
Not Found: /nayaa-island
Not Found: /nayaisland
Not Found: /naya-island
Not Found: /naiaislandproject
Not Found: /naia-island-project
Not Found: /naia-dubai-island
Not Found: /shamalisland
Not Found: /shamal-island
Not Found: /theislandummsuqeim
Not Found: /the-island-umm-suqeim
Not Found: /islandatummsuqeim
Not Found: /island-at-umm-suqeim
Not Found: /ummsuqeimislanddubai
Not Found: /umm-suqeim-island-dubai
Not Found: /ummsuqeimislandbyshamal
Not Found: /umm-suqeim-island-by-shamal
Not Found: /ummsuqeimisland
Not Found: /umm-suqeim-island
Not Found: /islandbyshamal
Not Found: /island-by-shamal
Not Found: /theislandbyshamal
Not Found: /the-island-by-shamal
Not Found: /skydivedubaiaed
Not Found: /skydive-dubai-aed
Not Found: /almeidavillas
Not Found: /al-meida-villas
Not Found: /nadalshebagarden
Not Found: /nad-al-sheba-garden
Not Found: /0gravitydubai
Not Found: /0-gravity-dubai
Not Found: /0gravitybeachclub
Not Found: /0-gravity-beachclub
Not Found: /xdubai-shop
Not Found: /baccarat-residences-dubai
Not Found: /kitebeachdubai
Not Found: /kite-beach-dubai
Not Found: /fishfarmdubai
Not Found: /fish-farm-dubai
Not Found: /fishfarmllc
Not Found: /fish-farm-llc
Not Found: /dubaiharbourmarinas
Not Found: /dubai-harbour-marinas
Not Found: /zabeelsaray
Not Found: /zabeel-saray
Not Found: /skyhubdubai
Not Found: /skyhub-dubai
Not Found: /inflight-dubai
Not Found: /deep-dive-dubai
Not Found: /xdubaipark
Not Found: /dubai-harbour-residences
Not Found: /baccarathotelandresidences
Not Found: /baccarat-hotel-and-residences
Not Found: /shamal-holding
Not Found: /icicicareers
Not Found: /icici-careers
Not Found: /icicibankcreditcard
Not Found: /icici-bank-credit-card
Not Found: /icicibankcustomercare
Not Found: /icici-bank-customer-care
Not Found: /icicipoint
Not Found: /icici-point
Not Found: /icicireward
Not Found: /icici-reward
Not Found: /icici-bank
Not Found: /bharatconnect
Not Found: /bharat-bill-pay
Not Found: /bhimspoof
Not Found: /bhim-spoof
Not Found: /erupi
Not Found: /e-rupi
Not Found: /upiqr
Not Found: /upimoney
Not Found: /upi-money
Not Found: /upigateway
Not Found: /upi-gateway
Not Found: /upipay
Not Found: /upi-pay
Not Found: /aadharatmpay
Not Found: /npciinternationalpaymentslimited
Not Found: /npci-international-payments-limited
Not Found: /123pay
Not Found: /bhimcustomer
Not Found: /bhim-customer
Not Found: /bhimmakingindiacashless
Not Found: /bhim-making-india-cashless
Not Found: /bhimpayments
Not Found: /bhim-payments
Not Found: /bhimaadhaarpay
Not Found: /bhim-aadhaar-pay
Not Found: /nachapb
Not Found: /nach-apb
Not Found: /aadhaarpaymentbridge
Not Found: /aadhaar-payment-bridge
Not Found: /nachsystem
Not Found: /nach-system
Not Found: /bbpou
Not Found: /bharatbillpaymentoperatingunit
Not Found: /bharat-bill-payment-operating-unit
Not Found: /bbpcu
Not Found: /bharatbillpaymentcentralunit
Not Found: /bharat-bill-payment-central-unit
Not Found: /bharatbillpaymentsystem
Not Found: /bharat-bill-payment-system
Not Found: /rupayprepaidcard
Not Found: /rupay-prepaid-card
Not Found: /bharatqr
Not Found: /bharat-qr
Not Found: /rupayglobal
Not Found: /rupay-global
Not Found: /rupaycreditcard
Not Found: /rupay-credit-card
Not Found: /neftinternetbanking
Not Found: /neft-internet-banking
Not Found: /aadhaarauthentication
Not Found: /aadhaar-authentication
Not Found: /nfsswitch
Not Found: /nfs-switch
Not Found: /netctransactions
Not Found: /netc-transactions
Not Found: /netcprogram
Not Found: /netc-program
Not Found: /upihandle
Not Found: /upi-handle
Not Found: /netcfastag
Not Found: /netc-fastag
Not Found: /upiid
Not Found: /upi-id
Not Found: /upiapp
Not Found: /upi-app
Not Found: /bhimrecharge
Not Found: /bhim-recharge
Not Found: /bhimapp
Not Found: /bhim-app
Not Found: /upipin
Not Found: /upi-pin
Not Found: /bhim-upi
Not Found: /upi-chalega
Not Found: /rupayselect
Not Found: /rupay-select
Not Found: /rtgsnpci
Not Found: /rtgs-npci
Not Found: /onocnpci
Not Found: /onoc-npci
Not Found: /npcinet
Not Found: /nationalpayments
Not Found: /national-payments
Not Found: /npciclearinghouse
Not Found: /npci-clearing-house
Not Found: /ncmcwallet
Not Found: /ncmc-wallet
Not Found: /immediatepaymentsystem
Not Found: /immediate-payment-system
Not Found: /immediatepaymentservice
Not Found: /immediate-payment-service
Not Found: /upi-qr
Not Found: /npcivajra
Not Found: /npci-vajra
Not Found: /npcimapper
Not Found: /npci-mapper
Not Found: /virtualpaymentaddress
Not Found: /virtual-payment-address
Not Found: /rupayglobalclearingsystem
Not Found: /rupay-global-clearing-system
Not Found: /realtimegrosssettlement
Not Found: /real-time-gross-settlement
Not Found: /nationalunifiedussdplatform
Not Found: /national-unified-ussd-platform
Not Found: /nationalpaymentscorporationofindia
Not Found: /national-payments-corporation-of-india
Not Found: /nationalpaymentscorporation
Not Found: /national-payments-corporation
Not Found: /nationalfinancialswitch
Not Found: /national-financial-switch
Not Found: /nationalelectronictollcollection
Not Found: /national-electronic-toll-collection
Not Found: /nationalelectronicfundstransfer
Not Found: /national-electronic-funds-transfer
Not Found: /nationalcommonmobilitycard
Not Found: /national-common-mobility-card
Not Found: /nationalautomatedclearinghouse
Not Found: /national-automated-clearing-house
Not Found: /linkbasedpayment
Not Found: /link-based-payment
Not Found: /interoperablecashdeposit
Not Found: /interoperable-cash-deposit
Not Found: /interoperablecardlesscashwithdrawal
Not Found: /interoperable-cardless-cash-withdrawal
Not Found: /commonservicearea
Not Found: /common-service-area
Not Found: /cardtocardfundtransfer
Not Found: /card-to-card-fund-transfer
Not Found: /bharatecommercepaymentgateway
Not Found: /bharat-ecommerce-payment-gateway
Not Found: /bhimqr
Not Found: /bhim-qr
Not Found: /bharatswitch
Not Found: /bharat-switch
Not Found: /bharatinterfaceformoney
Not Found: /bharat-interface-for-money
Not Found: /bharatclearingsettlement
Not Found: /bharat-clearing-settlement
Not Found: /bharat-billpay
Not Found: /aadhaarnumberseeding
Not Found: /aadhaar-number-seeding
Not Found: /aadhaarenabledpaymentsystem
Not Found: /aadhaar-enabled-payment-system
Not Found: /unifiedpaymentsinterface
Not Found: /unified-payments-interface
Not Found: /npciupi
Not Found: /npci-upi
Not Found: /upinpci
Not Found: /upi-npci
Not Found: /chequetruncationsystem
Not Found: /cheque-truncation-system
Not Found: /ctsnpci
Not Found: /cts-npci
Not Found: /neftnpci
Not Found: /neft-npci
Not Found: /impsnpci
Not Found: /imps-npci
Not Found: /bhimnpci
Not Found: /bhim-npci
Not Found: /nachnpci
Not Found: /nach-npci
Not Found: /aepsnpci
Not Found: /aeps-npci
Not Found: /nuupnpci
Not Found: /nuup-npci
Not Found: /fastag
Not Found: /apbsnpci
Not Found: /apbs-npci
Not Found: /rupaycontactless
Not Found: /rupay-contactless
Not Found: /rgcsnpci
Not Found: /rgcs-npci
Not Found: /bbpsnpci
Not Found: /bbps-npci
Not Found: /bhimaadhaar
Not Found: /bhim-aadhaar
Not Found: /netcnpci
Not Found: /netc---npci
Not Found: /nfsnpci
Not Found: /nfs-npci
Not Found: /aeps
Not Found: /bhim
Not Found: /d4a635a066a34241b76030e8570506d8
Not Found: /36422b6b-fdb3-4333-a7be-2307a5cb0df1
Not Found: /131696e1-ef52-4ba6-9f25-c25a23c01347
Not Found: /3176ac4c-c5b9-453e-bbcf-58a2b165aa7c/
Not Found: /update
Not Found: /banking
Not Found: /carts
Not Found: /savings
Not Found: /bank
Not Found: /confirm
Not Found: /upload
Not Found: /deposit
Not Found: /uploads
Not Found: /invoice
Not Found: /settings
Not Found: /store
Not Found: /api
Not Found: /bankonline
Not Found: /netbanking
Not Found: /file
Not Found: /files
Not Found: /activate
Not Found: /web
Not Found: /tests
Not Found: /tmp
Not Found: /order
Not Found: /logs
Not Found: /sales
Not Found: /log
Not Found: /manage
Not Found: /claim
Not Found: /www
Not Found: /verify
Not Found: /offer
Not Found: /invoices
Not Found: /config
Not Found: /india
Not Found: /authentication
Not Found: /reward
Not Found: /billing
Not Found: /users
Not Found: /data
Not Found: /client
Not Found: /verification
Not Found: /management
Not Found: /dashboard
Not Found: /service
Not Found: /auth
Not Found: /test
Not Found: /transaction
Not Found: /clients
Not Found: /backup
Not Found: /transfer
Not Found: /account
Not Found: /unlock
Not Found: /card
Not Found: /user
Not Found: /cart
Not Found: /configurations
Not Found: /sys
Not Found: /downloads
Not Found: /signin
Not Found: /portal
Not Found: /secure
Not Found: /private
Not Found: /authorize
Not Found: /balance
Not Found: /accounts
Not Found: /archive
Not Found: /payment
Not Found: /icici
Not Found: /archives
Not Found: /temp
Not Found: /apis
Not Found: /hdfc
Not Found: /upi
Not Found: /admin
Not Found: /support
Not Found: /coupon
Not Found: /authorization
Not Found: /shop
Not Found: /old
Not Found: /services
Not Found: /administrator
Not Found: /profiles
Not Found: /configuration
Not Found: /credit
Not Found: /login
Not Found: /private-data
Not Found: /download
Not Found: /root
Not Found: /help
Not Found: /withdraw
Not Found: /backups
Not Found: /system
Not Found: /checkout
Not Found: /orders
Not Found: /ebanking
Not Found: /security
Not Found: /customer
Not Found: /statement
Not Found: /controlpanel
Not Found: /cp
Not Found: /cpanel
Not Found: /refund
Not Found: /loan
Not Found: /profile
Not Found: /prize
Not Found: /adminpanel
Not Found: /staff
Not Found: /staffs
Not Found: /userpanel
Not Found: /member
Not Found: /members
Not Found: /signup
Not Found: /registration
Not Found: /register
Not Found: /password
Not Found: /password-reset
Not Found: /password-recovery
Not Found: /reset
Not Found: /recover
Not Found: /session
Not Found: /sessions
Not Found: /token
Not Found: /tokens
Not Found: /key
Not Found: /keys
Not Found: /secret
Not Found: /secrets
Not Found: /config.php
Not Found: /index.php
Not Found: /home
Not Found: /home-page
Not Found: /main
Not Found: /default
Not Found: /public
Not Found: /hidden
Not Found: /hidden-files
Not Found: /cache
Not Found: /caches
Not Found: /db
Not Found: /database
Not Found: /databases
Not Found: /sql
Not Found: /dbadmin
Not Found: /phpmyadmin
Not Found: /webmail
Not Found: /email
Not Found: /emails
Not Found: /mail
Not Found: /mailer
Not Found: /contact.php
Not Found: /icicilombard
Not Found: /icicilombardemail
Not Found: /icicigroupcompanies
Not Found: /insurancepp
Not Found: /prodicicilombard
Not Found: /insuranceprod
Not Found: /autoninja
Not Found: /ilgicltd
Not Found: /ilomgic
Not Found: /ilomgeneralinsurance
Not Found: /ilom
Not Found: /hellowin
Not Found: /hellowyn
Not Found: /icicilombardmail
Not Found: /engage-il
Not Found: /myicicilombard
Not Found: /ilgic
Not Found: /icici-lombard
Not Found: /icicilombardmails
Not Found: /ninjacrm
Not Found: /ilgicdash
Not Found: /itraceit
Not Found: /insurancearticlez
Not Found: /meeshoaiservices
Not Found: /meeshogrocery
Not Found: /valmo
Not Found: /meeshosuppliers
Not Found: /meeshosupplier
Not Found: /meeshoapp
Not Found: /meeshodesign
Not Found: /meesho
Not Found: /hdfcergouat
Not Found: /hdfcergo-uat
Not Found: /hdfc-ergo-uat
Not Found: /hdfcergohealthinsurancecompanylimited
Not Found: /hdfc-ergo-health-insurance-company-limited
Not Found: /hdfcergogeneralinsurancecompanylimited
Not Found: /hdfc-ergo-general-insurance-company-limited
Not Found: /hdfcergo
Not Found: /hdfc-ergo
Not Found: /.git/config
Not Found: /webui/
Not Found: /geoserver/web/
Not Found: /.git/config
Not Found: /.env
Not Found: /.env.bak
Not Found: /.env.old
Not Found: /.env.save
Not Found: /.env.development
Not Found: /website/.env
Not Found: /.env.prod
Not Found: /.env.production
Not Found: /site/.env
Not Found: /main/.env
Not Found: /administrator/.env
Not Found: /cms/.env
Not Found: /app/.env
Not Found: /lib/.env
Not Found: /laravel/.env
Not Found: /config/.env
Not Found: /public/.env
Not Found: /v1/.env
Not Found: /v2/.env
Not Found: /back/.env
Not Found: /crm/.env
Not Found: /backend/.env
Not Found: /local/.env
Not Found: /application/.env
Not Found: /xmlrpc.php
Not Found: /ab2g
Not Found: /ab2h
Not Found: /alive.php
Not Found: /teorema505
Not Found: /sites/all/libraries/plupload/examples/upload.php
Not Found: /.git/config
Not Found: /aa.php
Not Found: /abcd.php
Not Found: /admin.php
Not Found: /buy.php
Not Found: /cgi-bin/
Not Found: /edit.php
Not Found: /file.php
Not Found: /flower.php
Not Found: /images/index.php
Not Found: /info.php
Not Found: /ioxi-o.php
Not Found: /nc4.php
Not Found: /xleet.php
Not Found: /wp-admin/includes/
Not Found: /wp-content/upgrade/index.php
Not Found: /wp-content/uploads/admin.php
Not Found: /wp-good.php
Not Found: /wp-includes/Text/Diff/Renderer/
Not Found: /wp-includes/style-engine/
Not Found: /xmrlpc.php
Not Found: /about.php
Not Found: /adminfuns.php
Not Found: /alfa.php
Not Found: /asasx.php
Not Found: /autoload_classmap.php
Not Found: /classwithtostring.php
Not Found: /cong.php
Not Found: /file2.php
Not Found: /moon.php
Not Found: /wp-admin/css/colors/blue/index.php
Not Found: /wp-content/index.php
Not Found: /wp-content/plugins/yanierin/akcc.php
Not Found: /wp-content/uploads/index.php
Not Found: /wp-content/wp-conflg.php
Not Found: /wp-cron.php
Not Found: /wp-includes/IXR/
Not Found: /wp-includes/block-supports/
Not Found: /wp-includes/fonts/
Not Found: /wp-includes/fonts/index.php
Not Found: /wp-includes/js/crop/
Not Found: /wp-includes/rest-api/
Not Found: /wp-includes/widgets/
Not Found: /.git/config
Not Found: /robots.txt
Not Found: /sitemap.xml
Not Found: /config.json
Invalid HTTP_HOST header: 'ec2-3-144-176-29.us-east-2.compute.amazonaws.com'. You may need to add 'ec2-3-144-176-29.us-east-2.compute.amazonaws.com' to ALLOWED_HOSTS.
Traceback (most recent call last):
  File "/home/ubuntu/.cache/pypoetry/virtualenvs/rewardshub-tAgjmBIm-py3.12/lib/python3.12/site-packages/django/core/handlers/exception.py", line 55, in inner
    response = get_response(request)
               ^^^^^^^^^^^^^^^^^^^^^
  File "/home/ubuntu/.cache/pypoetry/virtualenvs/rewardshub-tAgjmBIm-py3.12/lib/python3.12/site-packages/django/utils/deprecation.py", line 119, in __call__
    response = self.process_request(request)
               ^^^^^^^^^^^^^^^^^^^^^^^^^^^^^
  File "/home/ubuntu/.cache/pypoetry/virtualenvs/rewardshub-tAgjmBIm-py3.12/lib/python3.12/site-packages/django/middleware/common.py", line 48, in process_request
    host = request.get_host()
           ^^^^^^^^^^^^^^^^^^
  File "/home/ubuntu/.cache/pypoetry/virtualenvs/rewardshub-tAgjmBIm-py3.12/lib/python3.12/site-packages/django/http/request.py", line 202, in get_host
    raise DisallowedHost(msg)
django.core.exceptions.DisallowedHost: Invalid HTTP_HOST header: 'ec2-3-144-176-29.us-east-2.compute.amazonaws.com'. You may need to add 'ec2-3-144-176-29.us-east-2.compute.amazonaws.com' to ALLOWED_HOSTS.
Not Found: /robots.txt
Not Found: /robots.txt
Not Found: /.git/config
Not Found: /wp-login.php
Not Found: /.env
Not Found: /.git/config
Not Found: /backend/.env
Not Found: /admin/.env
Not Found: /core/.env
Not Found: /.env.bak
Not Found: /.git/logs/HEAD
Not Found: /wp-config.php
Not Found: /.gitlab-ci.yml
Not Found: /config.json
Not Found: /config.js
Not Found: /aws-config.js
Not Found: /aws.config.js
Not Found: //wp-includes/wlwmanifest.xml
Not Found: //xmlrpc.php
Not Found: //blog/wp-includes/wlwmanifest.xml
Not Found: //web/wp-includes/wlwmanifest.xml
Not Found: //wordpress/wp-includes/wlwmanifest.xml
Not Found: //website/wp-includes/wlwmanifest.xml
Not Found: //wp/wp-includes/wlwmanifest.xml
Not Found: //news/wp-includes/wlwmanifest.xml
Not Found: //2018/wp-includes/wlwmanifest.xml
Not Found: //2019/wp-includes/wlwmanifest.xml
Not Found: //shop/wp-includes/wlwmanifest.xml
Not Found: //wp1/wp-includes/wlwmanifest.xml
Not Found: //test/wp-includes/wlwmanifest.xml
Not Found: //media/wp-includes/wlwmanifest.xml
Not Found: //wp2/wp-includes/wlwmanifest.xml
Not Found: //site/wp-includes/wlwmanifest.xml
Not Found: //cms/wp-includes/wlwmanifest.xml
Not Found: //sito/wp-includes/wlwmanifest.xml
Invalid HTTP_HOST header: 'example.com'. You may need to add 'example.com' to ALLOWED_HOSTS.
Traceback (most recent call last):
  File "/home/ubuntu/.cache/pypoetry/virtualenvs/rewardshub-tAgjmBIm-py3.12/lib/python3.12/site-packages/django/core/handlers/exception.py", line 55, in inner
    response = get_response(request)
               ^^^^^^^^^^^^^^^^^^^^^
  File "/home/ubuntu/.cache/pypoetry/virtualenvs/rewardshub-tAgjmBIm-py3.12/lib/python3.12/site-packages/django/utils/deprecation.py", line 119, in __call__
    response = self.process_request(request)
               ^^^^^^^^^^^^^^^^^^^^^^^^^^^^^
  File "/home/ubuntu/.cache/pypoetry/virtualenvs/rewardshub-tAgjmBIm-py3.12/lib/python3.12/site-packages/django/middleware/common.py", line 48, in process_request
    host = request.get_host()
           ^^^^^^^^^^^^^^^^^^
  File "/home/ubuntu/.cache/pypoetry/virtualenvs/rewardshub-tAgjmBIm-py3.12/lib/python3.12/site-packages/django/http/request.py", line 202, in get_host
    raise DisallowedHost(msg)
django.core.exceptions.DisallowedHost: Invalid HTTP_HOST header: 'example.com'. You may need to add 'example.com' to ALLOWED_HOSTS.
Not Found: /.env
Not Found: /robots.txt
Not Found: /.git/config
Not Found: /.env
Not Found: /api/.env
Not Found: /config/.env
Not Found: /.env.example
Not Found: /.env.production
Not Found: /.env.dev
Not Found: /backend/.env
Not Found: /.env.backup
Not Found: /phpinfo.php
Not Found: /phpinfo
Not Found: /info.php
Not Found: /test.php
Not Found: /info
Not Found: /php.php
Not Found: /i.php
Not Found: /test
Not Found: /phpversion.php
Not Found: /sites/all/libraries/plupload/examples/upload.php
Not Found: /.env
Not Found: /.git/config
Not Found: /backend/.env
Not Found: /admin/.env
Not Found: /core/.env
Not Found: /.env.bak
Not Found: /.git/logs/HEAD
Not Found: /wp-config.php
Not Found: /.gitlab-ci.yml
Not Found: /config.json
Not Found: /config.js
Not Found: /aws-config.js
Not Found: /aws.config.js
Not Found: /robots.txt
Not Found: /.git/index
Not Found: /.env
Not Found: /.env
Not Found: /.env
Not Found: /login
Not Found: /robots.txt
Not Found: /robots.txt
Not Found: /robots.txt
Invalid HTTP_HOST header: '0.0.0.0'. You may need to add '0.0.0.0' to ALLOWED_HOSTS.
Traceback (most recent call last):
  File "/home/ubuntu/.cache/pypoetry/virtualenvs/rewardshub-tAgjmBIm-py3.12/lib/python3.12/site-packages/django/core/handlers/exception.py", line 55, in inner
    response = get_response(request)
               ^^^^^^^^^^^^^^^^^^^^^
  File "/home/ubuntu/.cache/pypoetry/virtualenvs/rewardshub-tAgjmBIm-py3.12/lib/python3.12/site-packages/django/utils/deprecation.py", line 119, in __call__
    response = self.process_request(request)
               ^^^^^^^^^^^^^^^^^^^^^^^^^^^^^
  File "/home/ubuntu/.cache/pypoetry/virtualenvs/rewardshub-tAgjmBIm-py3.12/lib/python3.12/site-packages/django/middleware/common.py", line 48, in process_request
    host = request.get_host()
           ^^^^^^^^^^^^^^^^^^
  File "/home/ubuntu/.cache/pypoetry/virtualenvs/rewardshub-tAgjmBIm-py3.12/lib/python3.12/site-packages/django/http/request.py", line 202, in get_host
    raise DisallowedHost(msg)
django.core.exceptions.DisallowedHost: Invalid HTTP_HOST header: '0.0.0.0'. You may need to add '0.0.0.0' to ALLOWED_HOSTS.
Not Found: /.env
Not Found: /.env
Not Found: /.git/config
Not Found: /.git/HEAD
Not Found: /pms
Not Found: /admin/config
Not Found: /latest/meta-data/iam/info
Not Found: /latest/meta-data/iam/security-credentials/
Not Found: /latest/meta-data/identity-credentials/ec2/security-credentials/ec2-instance
Not Found: /latest/api/token
Not Found: /metadata/instance
Not Found: /metadata/instance
Not Found: /metadata/instance/compute/userData
Not Found: /metadata/instance/compute/userData
Not Found: /metadata/identity/oauth2/token
Not Found: /computeMetadata/v1/instance/service-accounts/default/token
Not Found: /computeMetadata/v1/project/project-id
Not Found: /.env
Not Found: /.env.local
Not Found: /.env.production
Not Found: /.env.development
Not Found: /.env.staging
Not Found: /.env.backup
Not Found: /.env.test
Not Found: /.env.ci
Not Found: /apps/.env
Not Found: /services/.env
Not Found: /packages/.env
Not Found: /wp-content/.env
Not Found: /laravel/.env
Not Found: /.aws/credentials
Not Found: /.aws/config
Not Found: /config.json
Not Found: /config/secrets.json
Not Found: /config/settings.json
Not Found: /config.yaml
Not Found: /config/twilio.json
Not Found: /app.js.map
Not Found: /bundle.js.map
Not Found: /main.js.map
Not Found: /vendor.js.map
Not Found: /docker-compose.yml
Not Found: /docker-compose.yaml
Not Found: /docker-compose.prod.yml
Not Found: /.gitlab-ci.yml
Not Found: /.github/workflows/deploy.yml
Not Found: /.github/workflows/main.yml
Not Found: /azure-pipelines.yml
Not Found: /netlify.toml
Not Found: /vercel.json
Not Found: /terraform.tfvars
Not Found: /.terraform/terraform.tfstate
Not Found: /.kube/config
Not Found: /kubernetes/secrets.yaml
Not Found: /.env
Not Found: /ecp/Current/exporttool/microsoft.exchange.ediscovery.exporttool.application
Not Found: /robots.txt
Not Found: /wp-login.php
Not Found: /wp-login.php
Not Found: /wp-admin/
Not Found: /autoload_classmap.php
Not Found: /post.php
Not Found: /1.php
Not Found: /flower.php
Not Found: /admin.php
Not Found: /file.php
Not Found: /meta.php
Not Found: /index.php
Not Found: /about.php
Not Found: /randkeyword.php
Not Found: /goods.php
Not Found: /hehe.php
Not Found: /user.php
Not Found: /wp-2019.php
Not Found: /chosen.php
Not Found: /functions.php
Not Found: /cron.php
Not Found: /edit.php
Not Found: /gecko-new.php
Not Found: /cookie.php
Not Found: /xleet.php
Not Found: /spip.php
Not Found: /22.php
Not Found: /room.php
Not Found: /disagreed.php
Not Found: /text.php
Not Found: /alfa-rex.php
Not Found: /alfa-rex.php7
Not Found: /feeds.php
Not Found: /radio.php
Not Found: /dropdown.php
Not Found: /defaults.php
Not Found: /system.php
Not Found: /xmlrpc.php
Not Found: /xmlrpc.php0
Not Found: /colors.php
Not Found: /updates.php
Not Found: /alfa-rex1.php
Not Found: /wp-index.php
Not Found: /wp-admin.php
Not Found: /alfa.php
Not Found: /alfanew.php7
Not Found: /locale.php
Not Found: /wxo.php
Not Found: /colour.php
Not Found: /files.php
Not Found: /install.php
Not Found: /wp-contentt.php
Not Found: /config.php7
Not Found: /config.php
Not Found: /theme.php
Not Found: /block-bindings.php
Not Found: /class_api.php
Not Found: /inputs.php
Not Found: /root.php
Not Found: /menu.php
Not Found: /plugin.php
Not Found: /cloud.php
Not Found: /configs.php
Not Found: /wp-configs.php
Not Found: /update.php
Not Found: /2.php
Not Found: /input.php
Not Found: /aaa.php
Not Found: /robots.txt
Not Found: /.env
Not Found: /sites/all/libraries/elfinder/connectors/php/connector.php
Not Found: /.env
Not Found: /developmentserver/metadatauploader
Not Found: /aa.php
Not Found: /abcd.php
Not Found: /admin.php
Not Found: /.__info.php
Not Found: /.bod/.ll/ss.php
Not Found: /.well-known/.qiodetme.php
Not Found: /info.php
Not Found: /xmlrpc.php
Not Found: /ALFA_DATA/admin.php
Not Found: /aaa.php
Not Found: /about.php
Not Found: /admin/admin.php
Not Found: /adminfuns.php
Not Found: /akcc.php
Not Found: /alfa.php
Not Found: /build.php
Not Found: /buy.php
Not Found: /chosen.php
Not Found: /classwithtostring.php
Not Found: /css/index.php
Not Found: /default.php
Not Found: /edit.php
Not Found: /file.php
Not Found: /filemanager.php
Not Found: /flower.php
Not Found: /form.php
Not Found: /function/function.php
Not Found: /go.php
Not Found: /goods.php
Not Found: /images/index.php
Not Found: /images/images/about.php
Not Found: /ioxi-o.php
Not Found: /mari.php
Not Found: /moon.php
Not Found: /nc4.php
Not Found: /wp-admin/about.php
Not Found: /wp-admin/css/colors/blue/index.php
Not Found: /wp-content/upgrade/index.php
Not Found: /wp-includes/style-engine/index.php
Not Found: /cgi-bin/
Not Found: /xleet.php
Not Found: /wp-admin/includes/
Not Found: /wp-content/uploads/admin.php
Not Found: /wp-good.php
Not Found: /wp-includes/Text/Diff/Renderer/
Not Found: /wp-includes/style-engine/
Not Found: /xmrlpc.php
Not Found: /asasx.php
Not Found: /autoload_classmap.php
Not Found: /cong.php
Not Found: /file2.php
Not Found: /wp-content/index.php
Not Found: /wp-content/plugins/yanierin/akcc.php
Not Found: /wp-content/uploads/index.php
Not Found: /wp-content/wp-conflg.php
Not Found: /wp-cron.php
Not Found: /wp-includes/IXR/
Not Found: /wp-includes/block-supports/
Not Found: /wp-includes/fonts/
Not Found: /wp-includes/fonts/index.php
Not Found: /wp-includes/js/crop/
Not Found: /wp-includes/rest-api/
Not Found: /wp-includes/widgets/
Not Found: /aa.php
Not Found: /abcd.php
Not Found: /admin.php
Not Found: /.__info.php
Not Found: /.bod/.ll/ss.php
Not Found: /.well-known/.qiodetme.php
Not Found: /info.php
Not Found: /xmlrpc.php
Not Found: /ALFA_DATA/admin.php
Not Found: /aaa.php
Not Found: /about.php
Not Found: /admin/admin.php
Not Found: /adminfuns.php
Not Found: /akcc.php
Not Found: /alfa.php
Not Found: /build.php
Not Found: /buy.php
Not Found: /chosen.php
Not Found: /classwithtostring.php
Not Found: /css/index.php
Not Found: /default.php
Not Found: /edit.php
Not Found: /file.php
Not Found: /filemanager.php
Not Found: /flower.php
Not Found: /form.php
Not Found: /function/function.php
Not Found: /go.php
Not Found: /goods.php
Not Found: /images/index.php
Not Found: /images/images/about.php
Not Found: /ioxi-o.php
Not Found: /mari.php
Not Found: /moon.php
Not Found: /nc4.php
Not Found: /wp-admin/about.php
Not Found: /wp-admin/css/colors/blue/index.php
Not Found: /wp-content/upgrade/index.php
Not Found: /wp-includes/style-engine/index.php
Not Found: /cgi-bin/
Not Found: /xleet.php
Not Found: /wp-admin/includes/
Not Found: /wp-content/uploads/admin.php
Not Found: /wp-good.php
Not Found: /wp-includes/Text/Diff/Renderer/
Not Found: /wp-includes/style-engine/
Not Found: /xmrlpc.php
Not Found: /asasx.php
Not Found: /autoload_classmap.php
Not Found: /cong.php
Not Found: /file2.php
Not Found: /wp-content/index.php
Not Found: /wp-content/plugins/yanierin/akcc.php
Not Found: /wp-content/uploads/index.php
Not Found: /wp-content/wp-conflg.php
Not Found: /wp-cron.php
Not Found: /wp-includes/IXR/
Not Found: /wp-includes/block-supports/
Not Found: /wp-includes/fonts/
Not Found: /wp-includes/fonts/index.php
Not Found: /wp-includes/js/crop/
Not Found: /wp-includes/rest-api/
Not Found: /wp-includes/widgets/
Not Found: /robots.txt
Not Found: /robots.txt
Not Found: /admin
[2025-10-15 05:34:36 +0000] [15289] [INFO] Handling signal: term
[2025-10-15 05:34:36 +0000] [17597] [INFO] Worker exiting (pid: 17597)
[2025-10-15 05:34:36 +0000] [15289] [INFO] Shutting down: Master
